id,ref_id,additional_id,segment_number,technology,hierarchy,length,specification,start_equipment_id,end_equipment_id,core_count,designation,start_structure_id,start_structure_key,end_structure_id,end_structure_key,object_status,owner,placement_type,start_equipment_port_id,end_equipment_port_id,remediation,remediation_specification,remediation_desc,leadin_cable_transfer,asset_transfer,network_key,project_code,project_number
4RBN-20-18-FSD-305,,,1,FIBRE,FSD,167.5,FSD_CORNING_12_RIBBON,4RBN-20-18-MPT-001,4RBN-20-18-FJL-301,12,,4RBN-20-18-PIT-001,N1381632172,1804657875,N1381632089,PLANNED,NBN,Underground,,,,,,,N,,N2P-NEW,FINANCE-N2P
4RBN-20-18-FSD-301,,,1,FIBRE,FSD,167.5,FSD_CORNING_1_ROC,4RBN-20-18-MPT-001,4RBN-20-18-FJL-301,1,,4RBN-20-18-PIT-001,N1381632172,1804657875,N1381632089,PLANNED,NBN,Underground,,,,,,,N,,N2P-NEW,FINANCE-N2P
4RBN-20-18-FSD-302,,,1,FIBRE,FSD,167.5,FSD_CORNING_1_ROC,4RBN-20-18-MPT-001,4RBN-20-18-FJL-301,1,,4RBN-20-18-PIT-001,N1381632172,1804657875,N1381632089,PLANNED,NBN,Underground,,,,,,,N,,N2P-NEW,FINANCE-N2P
4RBN-20-18-FSD-303,,,1,FIBRE,FSD,167.5,FSD_CORNING_1_ROC,4RBN-20-18-MPT-001,4RBN-20-18-FJL-301,1,,4RBN-20-18-PIT-001,N1381632172,1804657875,N1381632089,PLANNED,NBN,Underground,,,,,,,N,,N2P-NEW,FINANCE-N2P
4RBN-20-18-FSD-304,,,1,FIBRE,FSD,167.5,FSD_CORNING_1_ROC,4RBN-20-18-MPT-001,4RBN-20-18-FJL-301,1,,4RBN-20-18-PIT-001,N1381632172,1804657875,N1381632089,PLANNED,NBN,Underground,,,,,,,N,,N2P-NEW,FINANCE-N2P
4RBN-20-18-SDS-790,,,1,FIBRE,SDS,231.6,SDS_CORNING_1_ROC,4RBN-20-18-SMP-654,4RBN-20-18-PCD-790,1,,1805235112,N1760909622,15000822729,N1802043661,PLANNED,NBN,Underground,,,,,,,N,,N2P-NEW,FINANCE-N2P
4RBN-20-18-SDS-791,,,1,FIBRE,SDS,231.6,SDS_CORNING_1_ROC,4RBN-20-18-SMP-654,4RBN-20-18-PCD-791,1,,1805235112,N1760909622,15000822729,N1802043661,PLANNED,NBN,Underground,,,,,,,N,,N2P-NEW,FINANCE-N2P
4RBN-20-00-DSS-027,,,1,FIBRE,DSS,235.3,DSS_CORNING_12_RIBBON,4RBN-20-00-DJL-010,4RBN-20-18-MPT-001,12,,9.00E+17,N1792358990,4RBN-20-18-PIT-001,N1381632172,INSERVICE,NBN,Underground,,,,,,,N,N1381963162,,
4RBN-20-17-SDS-642,,,1,FIBRE,SDS,37.5,SDS_CORNING_1_ROC,4RBN-20-17-SMP-643,4RBN-20-17-PCD-642,1,,1804657897,N1381625390,1804658464,N1802046296,PLANNED,NBN,Underground,,,,,,,N,,N2P-NEW,FINANCE-N2P
4RBN-20-17-SDS-643,,,1,FIBRE,SDS,37.5,SDS_CORNING_1_ROC,4RBN-20-17-SMP-643,4RBN-20-17-PCD-643,1,,1804657897,N1381625390,1804658464,N1802046296,PLANNED,NBN,Underground,,,,,,,N,,N2P-NEW,FINANCE-N2P
4RBN-20-17-SDS-655,,,1,FIBRE,SDS,76.6,SDS_CORNING_1_ROC,4RBN-20-17-SMP-643,4RBN-20-17-PCD-655,1,,1804657897,N1381625390,1804600814,N1802050050,PLANNED,NBN,Underground,,,,,,,N,,N2P-NEW,FINANCE-N2P
4RBN-20-17-SDS-657,,,1,FIBRE,SDS,76.6,SDS_CORNING_1_ROC,4RBN-20-17-SMP-643,4RBN-20-17-PCD-657,1,,1804657897,N1381625390,1804600814,N1802050050,PLANNED,NBN,Underground,,,,,,,N,,N2P-NEW,FINANCE-N2P
4RBN-20-17-SDS-865,,,1,FIBRE,SDS,20,SDS_CORNING_1_ROC,4RBN-20-17-CAP-644,4RBN-20-17-PCD-865,1,,T-4RBN-20-01-NEC-661,,T-4RBN-20-01-NEC-661,,PLANNED,NBN,Underground,,,,,,,N,,N2P-NEW,FINANCE-N2P
4RBN-20-17-SDS-866,,,1,FIBRE,SDS,20,SDS_CORNING_1_ROC,4RBN-20-17-CAP-644,4RBN-20-17-PCD-866,1,,T-4RBN-20-01-NEC-661,,T-4RBN-20-01-NEC-661,,PLANNED,NBN,Underground,,,,,,,N,,N2P-NEW,FINANCE-N2P
4RBN-20-17-SDS-867,,,1,FIBRE,SDS,20,SDS_CORNING_1_ROC,4RBN-20-17-CAP-644,4RBN-20-17-PCD-867,1,,T-4RBN-20-01-NEC-661,,T-4RBN-20-01-NEC-661,,PLANNED,NBN,Underground,,,,,,,N,,N2P-NEW,FINANCE-N2P
4RBN-20-17-SDS-868,,,1,FIBRE,SDS,20,SDS_CORNING_1_ROC,4RBN-20-17-CAP-644,4RBN-20-17-PCD-868,1,,T-4RBN-20-01-NEC-661,,T-4RBN-20-01-NEC-661,,PLANNED,NBN,Underground,,,,,,,N,,N2P-NEW,FINANCE-N2P
4RBN-20-17-SDS-869,,,1,FIBRE,SDS,20,SDS_CORNING_1_ROC,4RBN-20-17-CAP-644,4RBN-20-17-PCD-869,1,,T-4RBN-20-01-NEC-661,,T-4RBN-20-01-NEC-661,,PLANNED,NBN,Underground,,,,,,,N,,N2P-NEW,FINANCE-N2P
4RBN-20-17-SDS-870,,,1,FIBRE,SDS,20,SDS_CORNING_1_ROC,4RBN-20-17-CAP-644,4RBN-20-17-PCD-870,1,,T-4RBN-20-01-NEC-661,,T-4RBN-20-01-NEC-661,,PLANNED,NBN,Underground,,,,,,,N,,N2P-NEW,FINANCE-N2P
4RBN-20-17-SDS-871,,,1,FIBRE,SDS,20,SDS_CORNING_1_ROC,4RBN-20-17-CAP-644,4RBN-20-17-PCD-871,1,,T-4RBN-20-01-NEC-661,,T-4RBN-20-01-NEC-661,,PLANNED,NBN,Underground,,,,,,,N,,N2P-NEW,FINANCE-N2P
4RBN-20-17-SDS-872,,,1,FIBRE,SDS,20,SDS_CORNING_1_ROC,4RBN-20-17-CAP-644,4RBN-20-17-PCD-872,1,,T-4RBN-20-01-NEC-661,,T-4RBN-20-01-NEC-661,,PLANNED,NBN,Underground,,,,,,,N,,N2P-NEW,FINANCE-N2P
4RBN-20-17-SDS-873,,,1,FIBRE,SDS,20,SDS_CORNING_1_ROC,4RBN-20-17-CAP-647,4RBN-20-17-PCD-873,1,,T-4RBN-20-01-NEC-661,,T-4RBN-20-01-NEC-661,,PLANNED,NBN,Underground,,,,,,,N,,N2P-NEW,FINANCE-N2P
4RBN-20-17-SDS-874,,,1,FIBRE,SDS,20,SDS_CORNING_1_ROC,4RBN-20-17-CAP-647,4RBN-20-17-PCD-874,1,,T-4RBN-20-01-NEC-661,,T-4RBN-20-01-NEC-661,,PLANNED,NBN,Underground,,,,,,,N,,N2P-NEW,FINANCE-N2P
4RBN-20-17-SDS-875,,,1,FIBRE,SDS,20,SDS_CORNING_1_ROC,4RBN-20-17-CAP-647,4RBN-20-17-PCD-875,1,,T-4RBN-20-01-NEC-661,,T-4RBN-20-01-NEC-661,,PLANNED,NBN,Underground,,,,,,,N,,N2P-NEW,FINANCE-N2P
4RBN-20-17-SDS-876,,,1,FIBRE,SDS,20,SDS_CORNING_1_ROC,4RBN-20-17-CAP-647,4RBN-20-17-PCD-876,1,,T-4RBN-20-01-NEC-661,,T-4RBN-20-01-NEC-661,,PLANNED,NBN,Underground,,,,,,,N,,N2P-NEW,FINANCE-N2P
4RBN-20-17-SDS-877,,,1,FIBRE,SDS,20,SDS_CORNING_1_ROC,4RBN-20-17-CAP-647,4RBN-20-17-PCD-877,1,,T-4RBN-20-01-NEC-661,,T-4RBN-20-01-NEC-661,,PLANNED,NBN,Underground,,,,,,,N,,N2P-NEW,FINANCE-N2P
4RBN-20-17-SDS-878,,,1,FIBRE,SDS,20,SDS_CORNING_1_ROC,4RBN-20-17-CAP-647,4RBN-20-17-PCD-878,1,,T-4RBN-20-01-NEC-661,,T-4RBN-20-01-NEC-661,,PLANNED,NBN,Underground,,,,,,,N,,N2P-NEW,FINANCE-N2P
4RBN-20-17-SDS-879,,,1,FIBRE,SDS,20,SDS_CORNING_1_ROC,4RBN-20-17-CAP-647,4RBN-20-17-PCD-879,1,,T-4RBN-20-01-NEC-661,,T-4RBN-20-01-NEC-661,,PLANNED,NBN,Underground,,,,,,,N,,N2P-NEW,FINANCE-N2P
4RBN-20-17-SDS-880,,,1,FIBRE,SDS,20,SDS_CORNING_1_ROC,4RBN-20-17-CAP-647,4RBN-20-17-PCD-880,1,,T-4RBN-20-01-NEC-661,,T-4RBN-20-01-NEC-661,,PLANNED,NBN,Underground,,,,,,,N,,N2P-NEW,FINANCE-N2P
4RBN-20-17-SDS-881,,,1,FIBRE,SDS,20,SDS_CORNING_1_ROC,4RBN-20-17-CAP-648,4RBN-20-17-PCD-881,1,,T-4RBN-20-01-NEC-661,,T-4RBN-20-01-NEC-661,,PLANNED,NBN,Underground,,,,,,,N,,N2P-NEW,FINANCE-N2P
4RBN-20-17-SDS-882,,,1,FIBRE,SDS,20,SDS_CORNING_1_ROC,4RBN-20-17-CAP-648,4RBN-20-17-PCD-882,1,,T-4RBN-20-01-NEC-661,,T-4RBN-20-01-NEC-661,,PLANNED,NBN,Underground,,,,,,,N,,N2P-NEW,FINANCE-N2P
4RBN-20-17-SDS-883,,,1,FIBRE,SDS,20,SDS_CORNING_1_ROC,4RBN-20-17-CAP-648,4RBN-20-17-PCD-883,1,,T-4RBN-20-01-NEC-661,,T-4RBN-20-01-NEC-661,,PLANNED,NBN,Underground,,,,,,,N,,N2P-NEW,FINANCE-N2P
4RBN-20-17-SDS-884,,,1,FIBRE,SDS,20,SDS_CORNING_1_ROC,4RBN-20-17-CAP-648,4RBN-20-17-PCD-884,1,,T-4RBN-20-01-NEC-661,,T-4RBN-20-01-NEC-661,,PLANNED,NBN,Underground,,,,,,,N,,N2P-NEW,FINANCE-N2P
4RBN-20-17-SDS-885,,,1,FIBRE,SDS,20,SDS_CORNING_1_ROC,4RBN-20-17-CAP-648,4RBN-20-17-PCD-885,1,,T-4RBN-20-01-NEC-661,,T-4RBN-20-01-NEC-661,,PLANNED,NBN,Underground,,,,,,,N,,N2P-NEW,FINANCE-N2P
4RBN-20-17-SDS-886,,,1,FIBRE,SDS,20,SDS_CORNING_1_ROC,4RBN-20-17-CAP-648,4RBN-20-17-PCD-886,1,,T-4RBN-20-01-NEC-661,,T-4RBN-20-01-NEC-661,,PLANNED,NBN,Underground,,,,,,,N,,N2P-NEW,FINANCE-N2P
4RBN-20-17-SDS-887,,,1,FIBRE,SDS,20,SDS_CORNING_1_ROC,4RBN-20-17-CAP-648,4RBN-20-17-PCD-887,1,,T-4RBN-20-01-NEC-661,,T-4RBN-20-01-NEC-661,,PLANNED,NBN,Underground,,,,,,,N,,N2P-NEW,FINANCE-N2P
4RBN-20-18-HSD-001,,,1,FIBRE,HSD,4.7,HSD_CORNING_12_RIBBON,4RBN-20-18-MPT-001,9.00E+17,12,,4RBN-20-18-PIT-001,N1381632172,4RBN-20-18-NEC-001,N1381631786,INSERVICE,NBN,Underground,,,,,,,N,N1381959941,,
4RBN-20-18-FSL-641,,,1,FIBRE,FSL,126.4,FSL_CORNING_12_LOOSE,4RBN-20-18-FJL-301,4RBN-20-18-BJL-641,12,,1804657875,N1381632089,9.00E+17,N1792358990,PLANNED,NBN,Underground,,,,,,,N,,N2P-NEW,FINANCE-N2P
4RBN-20-18-SSS-641,,,1,FIBRE,SSS,97.8,SSS_CORNING_1_ROC,4RBN-20-18-BJL-641,4RBN-20-18-SMP-641,1,,9.00E+17,N1792358990,1804657878,N1381626392,PLANNED,NBN,Underground,,,,,,,N,,N2P-NEW,FINANCE-N2P
4RBN-20-18-SDS-641,,,1,FIBRE,SDS,20.3,SDS_CORNING_1_ROC,4RBN-20-18-SMP-641,4RBN-20-18-PCD-641,1,,1804657878,N1381626392,1804658262,N1802046763,PLANNED,NBN,Underground,,,,,,,N,,N2P-NEW,FINANCE-N2P
4RBN-20-18-SDS-642,,,1,FIBRE,SDS,20.3,SDS_CORNING_1_ROC,4RBN-20-18-SMP-641,4RBN-20-18-PCD-642,1,,1804657878,N1381626392,1804658261,N1802048072,PLANNED,NBN,Underground,,,,,,,N,,N2P-NEW,FINANCE-N2P
4RBN-20-18-SDS-643,,,1,FIBRE,SDS,48,SDS_CORNING_1_ROC,4RBN-20-18-SMP-641,4RBN-20-18-PCD-643,1,,1804657878,N1381626392,1804658257,N1802047030,PLANNED,NBN,Underground,,,,,,,N,,N2P-NEW,FINANCE-N2P
4RBN-20-18-SDS-644,,,1,FIBRE,SDS,71,SDS_CORNING_1_ROC,4RBN-20-18-SMP-641,4RBN-20-18-PCD-644,1,,1804657878,N1381626392,1804658255,N1802047973,PLANNED,NBN,Underground,,,,,,,N,,N2P-NEW,FINANCE-N2P
4RBN-20-18-SDS-645,,,1,FIBRE,SDS,71,SDS_CORNING_1_ROC,4RBN-20-18-SMP-641,4RBN-20-18-PCD-645,1,,1804657878,N1381626392,1804658255,N1802047973,PLANNED,NBN,Underground,,,,,,,N,,N2P-NEW,FINANCE-N2P
4RBN-20-18-SDS-646,,,1,FIBRE,SDS,73,SDS_CORNING_1_ROC,4RBN-20-18-SMP-642,4RBN-20-18-PCD-646,1,,1804657883,N1381624018,4RBN-20-01-NEC-681,,PLANNED,NBN,Underground,,,,,,,N,,N2P-NEW,FINANCE-N2P
4RBN-20-18-SDS-647,,,1,FIBRE,SDS,73,SDS_CORNING_1_ROC,4RBN-20-18-SMP-642,4RBN-20-18-PCD-647,1,,1804657883,N1381624018,4RBN-20-01-NEC-681,,PLANNED,NBN,Underground,,,,,,,N,,N2P-NEW,FINANCE-N2P
4RBN-20-18-SSS-642,,,1,FIBRE,SSS,95.8,SSS_CORNING_1_ROC,4RBN-20-18-BJL-641,4RBN-20-18-SMP-642,1,,9.00E+17,N1792358990,1804657883,N1381624018,PLANNED,NBN,Underground,,,,,,,N,,N2P-NEW,FINANCE-N2P
4RBN-20-18-SDS-648,,,1,FIBRE,SDS,20.3,SDS_CORNING_1_ROC,4RBN-20-18-SMP-642,4RBN-20-18-PCD-648,1,,1804657883,N1381624018,1804658260,N1802047581,PLANNED,NBN,Underground,,,,,,,N,,N2P-NEW,FINANCE-N2P
4RBN-20-18-SDS-649,,,1,FIBRE,SDS,20.3,SDS_CORNING_1_ROC,4RBN-20-18-SMP-642,4RBN-20-18-PCD-649,1,,1804657883,N1381624018,1804658259,N1802043649,PLANNED,NBN,Underground,,,,,,,N,,N2P-NEW,FINANCE-N2P
4RBN-20-18-SDS-650,,,1,FIBRE,SDS,125,SDS_CORNING_1_ROC,4RBN-20-18-SMP-641,4RBN-20-18-PCD-650,1,,1804657878,N1381626392,1804658248,N1802052654,PLANNED,NBN,Underground,,,,,,,N,,N2P-NEW,FINANCE-N2P
4RBN-20-18-SDS-651,,,1,FIBRE,SDS,83.8,SDS_CORNING_1_ROC,4RBN-20-18-SMP-643,4RBN-20-18-PCD-651,1,,1804658019,N1802049210,1804658254,N1802048418,PLANNED,NBN,Underground,,,,,,,N,,N2P-NEW,FINANCE-N2P
4RBN-20-18-SDS-652,,,1,FIBRE,SDS,125,SDS_CORNING_1_ROC,4RBN-20-18-SMP-641,4RBN-20-18-PCD-652,1,,1804657878,N1381626392,1804658247,N1802044151,PLANNED,NBN,Underground,,,,,,,N,,N2P-NEW,FINANCE-N2P
4RBN-20-18-SDS-653,,,1,FIBRE,SDS,48.5,SDS_CORNING_1_ROC,4RBN-20-18-SMP-642,4RBN-20-18-PCD-653,1,,1804657883,N1381624018,1804658258,N1802043912,PLANNED,NBN,Underground,,,,,,,N,,N2P-NEW,FINANCE-N2P
4RBN-20-18-SSS-643,,,1,FIBRE,SSS,82.6,SSS_CORNING_1_ROC,4RBN-20-18-BJL-641,4RBN-20-18-SMP-643,1,,9.00E+17,N1792358990,1804658019,N1802049210,PLANNED,NBN,Underground,,,,,,,N,,N2P-NEW,FINANCE-N2P
4RBN-20-18-SDS-654,,,1,FIBRE,SDS,20.3,SDS_CORNING_1_ROC,4RBN-20-18-SMP-643,4RBN-20-18-PCD-654,1,,1804658019,N1802049210,1804658249,N1802053037,PLANNED,NBN,Underground,,,,,,,N,,N2P-NEW,FINANCE-N2P
4RBN-20-18-SDS-655,,,1,FIBRE,SDS,65.9,SDS_CORNING_1_ROC,4RBN-20-18-SMP-643,4RBN-20-18-PCD-655,1,,1804658019,N1802049210,1804734918,N1802046293,PLANNED,NBN,Underground,,,,,,,N,,N2P-NEW,FINANCE-N2P
4RBN-20-18-SDS-656,,,1,FIBRE,SDS,109.5,SDS_CORNING_1_ROC,4RBN-20-18-SMP-646,4RBN-20-18-PCD-656,1,,1804734119,N1802044006,1804658252,N1802047102,PLANNED,NBN,Underground,,,,,,,N,,N2P-NEW,FINANCE-N2P
4RBN-20-18-SDS-657,,,1,FIBRE,SDS,65.9,SDS_CORNING_1_ROC,4RBN-20-18-SMP-643,4RBN-20-18-PCD-657,1,,1804658019,N1802049210,1804734902,N1802050049,PLANNED,NBN,Underground,,,,,,,N,,N2P-NEW,FINANCE-N2P
4RBN-20-18-SDS-658,,,1,FIBRE,SDS,83.8,SDS_CORNING_1_ROC,4RBN-20-18-SMP-643,4RBN-20-18-PCD-658,1,,1804658019,N1802049210,1804658253,N1802045424,PLANNED,NBN,Underground,,,,,,,N,,N2P-NEW,FINANCE-N2P
4RBN-20-18-SDS-659,,,1,FIBRE,SDS,115.2,SDS_CORNING_1_ROC,4RBN-20-18-SMP-646,4RBN-20-18-PCD-659,1,,1804734119,N1802044006,1804658251,N1802046132,PLANNED,NBN,Underground,,,,,,,N,,N2P-NEW,FINANCE-N2P
4RBN-20-18-SDS-660,,,1,FIBRE,SDS,20.3,SDS_CORNING_1_ROC,4RBN-20-18-SMP-643,4RBN-20-18-PCD-660,1,,1804658019,N1802049210,1804658250,N1802046664,PLANNED,NBN,Underground,,,,,,,N,,N2P-NEW,FINANCE-N2P
4RBN-20-18-FSL-642,,,1,FIBRE,FSL,159.7,FSL_CORNING_12_LOOSE,4RBN-20-18-BJL-641,4RBN-20-18-BJL-642,12,,9.00E+17,N1792358990,1804734119,N1802044006,PLANNED,NBN,Underground,,,,,,,N,,N2P-NEW,FINANCE-N2P
4RBN-20-18-SSS-644,,,1,FIBRE,SSS,97,SSS_CORNING_1_ROC,4RBN-20-18-BJL-642,4RBN-20-18-SMP-644,1,,1804734119,N1802044006,1804734123,N1802044468,PLANNED,NBN,Underground,,,,,,,N,,N2P-NEW,FINANCE-N2P
4RBN-20-18-SDS-661,,,1,FIBRE,SDS,55.4,SDS_CORNING_1_ROC,4RBN-20-18-SMP-644,4RBN-20-18-PCD-661,1,,1804734123,N1802044468,1804734885,N1802046199,PLANNED,NBN,Underground,,,,,,,N,,N2P-NEW,FINANCE-N2P
4RBN-20-18-SDS-662,,,1,FIBRE,SDS,93,SDS_CORNING_1_ROC,4RBN-20-18-SMP-644,4RBN-20-18-PCD-662,1,,1804734123,N1802044468,1804734921,N1802049624,PLANNED,NBN,Underground,,,,,,,N,,N2P-NEW,FINANCE-N2P
4RBN-20-18-SDS-663,,,1,FIBRE,SDS,93,SDS_CORNING_1_ROC,4RBN-20-18-SMP-644,4RBN-20-18-PCD-663,1,,1804734123,N1802044468,1804734921,N1802049624,PLANNED,NBN,Underground,,,,,,,N,,N2P-NEW,FINANCE-N2P
4RBN-20-18-SDS-664,,,1,FIBRE,SDS,56.6,SDS_CORNING_1_ROC,4RBN-20-18-SMP-644,4RBN-20-18-PCD-664,1,,1804734123,N1802044468,1804734886,N1802045739,PLANNED,NBN,Underground,,,,,,,N,,N2P-NEW,FINANCE-N2P
4RBN-20-18-SDS-665,,,1,FIBRE,SDS,93,SDS_CORNING_1_ROC,4RBN-20-18-SMP-644,4RBN-20-18-PCD-665,1,,1804734123,N1802044468,1804734922,N1802046949,PLANNED,NBN,Underground,,,,,,,N,,N2P-NEW,FINANCE-N2P
4RBN-20-18-SDS-666,,,1,FIBRE,SDS,20.3,SDS_CORNING_1_ROC,4RBN-20-18-SMP-644,4RBN-20-18-PCD-666,1,,1804734123,N1802044468,1804734884,N1802046672,PLANNED,NBN,Underground,,,,,,,N,,N2P-NEW,FINANCE-N2P
4RBN-20-18-SDS-667,,,1,FIBRE,SDS,20.3,SDS_CORNING_1_ROC,4RBN-20-18-SMP-644,4RBN-20-18-PCD-667,1,,1804734123,N1802044468,1804734883,N1802047037,PLANNED,NBN,Underground,,,,,,,N,,N2P-NEW,FINANCE-N2P
4RBN-20-18-SSS-645,,,1,FIBRE,SSS,92.6,SSS_CORNING_1_ROC,4RBN-20-18-BJL-642,4RBN-20-18-SMP-645,1,,1804734119,N1802044006,1804734132,N1802047145,PLANNED,NBN,Underground,,,,,,,N,,N2P-NEW,FINANCE-N2P
4RBN-20-18-SDS-668,,,1,FIBRE,SDS,57.4,SDS_CORNING_1_ROC,4RBN-20-18-SMP-645,4RBN-20-18-PCD-668,1,,1804734132,N1802047145,1804734890,N1802045672,PLANNED,NBN,Underground,,,,,,,N,,N2P-NEW,FINANCE-N2P
4RBN-20-18-SDS-669,,,1,FIBRE,SDS,49.3,SDS_CORNING_1_ROC,4RBN-20-18-SMP-645,4RBN-20-18-PCD-669,1,,1804734132,N1802047145,1804734892,N1802047586,PLANNED,NBN,Underground,,,,,,,N,,N2P-NEW,FINANCE-N2P
4RBN-20-18-SDS-670,,,1,FIBRE,SDS,20.3,SDS_CORNING_1_ROC,4RBN-20-18-SMP-645,4RBN-20-18-PCD-670,1,,1804734132,N1802047145,1804734891,N1802044231,PLANNED,NBN,Underground,,,,,,,N,,N2P-NEW,FINANCE-N2P
4RBN-20-18-SDS-671,,,1,FIBRE,SDS,49.3,SDS_CORNING_1_ROC,4RBN-20-18-SMP-645,4RBN-20-18-PCD-671,1,,1804734132,N1802047145,1804734893,N1802046954,PLANNED,NBN,Underground,,,,,,,N,,N2P-NEW,FINANCE-N2P
4RBN-20-18-SDS-672,,,1,FIBRE,SDS,79.8,SDS_CORNING_1_ROC,4RBN-20-18-SMP-645,4RBN-20-18-PCD-672,1,,1804734132,N1802047145,1804734894,N1802052940,PLANNED,NBN,Underground,,,,,,,N,,N2P-NEW,FINANCE-N2P
4RBN-20-18-SDS-673,,,1,FIBRE,SDS,79.8,SDS_CORNING_1_ROC,4RBN-20-18-SMP-645,4RBN-20-18-PCD-673,1,,1804734132,N1802047145,1804734894,N1802052940,PLANNED,NBN,Underground,,,,,,,N,,N2P-NEW,FINANCE-N2P
4RBN-20-18-SSS-646,,,1,FIBRE,SSS,20,SSS_CORNING_1_ROC,4RBN-20-18-BJL-642,4RBN-20-18-SMP-646,1,,1804734119,N1802044006,1804734119,N1802044006,PLANNED,NBN,Underground,,,,,,,N,,N2P-NEW,FINANCE-N2P
4RBN-20-18-SDS-674,,,1,FIBRE,SDS,20.3,SDS_CORNING_1_ROC,4RBN-20-18-SMP-646,4RBN-20-18-PCD-674,1,,1804734119,N1802044006,1804734887,N1802045462,PLANNED,NBN,Underground,,,,,,,N,,N2P-NEW,FINANCE-N2P
4RBN-20-18-SDS-675,,,1,FIBRE,SDS,20.3,SDS_CORNING_1_ROC,4RBN-20-18-SMP-646,4RBN-20-18-PCD-675,1,,1804734119,N1802044006,1804734888,N1802051906,PLANNED,NBN,Underground,,,,,,,N,,N2P-NEW,FINANCE-N2P
4RBN-20-18-SDS-676,,,1,FIBRE,SDS,73,SDS_CORNING_1_ROC,4RBN-20-18-SMP-646,4RBN-20-18-PCD-676,1,,1804734119,N1802044006,1804734899,N1802043601,PLANNED,NBN,Underground,,,,,,,N,,N2P-NEW,FINANCE-N2P
4RBN-20-18-SDS-677,,,1,FIBRE,SDS,61.5,SDS_CORNING_1_ROC,4RBN-20-18-SMP-646,4RBN-20-18-PCD-677,1,,1804734119,N1802044006,1804734919,N1802046828,PLANNED,NBN,Underground,,,,,,,N,,N2P-NEW,FINANCE-N2P
4RBN-20-18-SDS-678,,,1,FIBRE,SDS,57.4,SDS_CORNING_1_ROC,4RBN-20-18-SMP-645,4RBN-20-18-PCD-678,1,,1804734132,N1802047145,1804734889,N1802046832,PLANNED,NBN,Underground,,,,,,,N,,N2P-NEW,FINANCE-N2P
4RBN-20-18-SDS-680,,,1,FIBRE,SDS,55.8,SDS_CORNING_1_ROC,4RBN-20-18-SMP-646,4RBN-20-18-PCD-680,1,,1804734119,N1802044006,1804734895,N1802047875,PLANNED,NBN,Underground,,,,,,,N,,N2P-NEW,FINANCE-N2P
4RBN-20-18-SSS-647,,,1,FIBRE,SSS,176.2,SSS_CORNING_1_ROC,4RBN-20-18-BJL-642,4RBN-20-18-SMP-647,1,,1804734119,N1802044006,1804734125,N1802045105,PLANNED,NBN,Underground,,,,,,,N,,N2P-NEW,FINANCE-N2P
4RBN-20-18-SDS-681,,,1,FIBRE,SDS,58.8,SDS_CORNING_1_ROC,4RBN-20-18-SMP-647,4RBN-20-18-PCD-681,1,,1804734125,N1802045105,1804734881,N1802048005,PLANNED,NBN,Underground,,,,,,,N,,N2P-NEW,FINANCE-N2P
4RBN-20-18-SDS-682,,,1,FIBRE,SDS,58.8,SDS_CORNING_1_ROC,4RBN-20-18-SMP-647,4RBN-20-18-PCD-682,1,,1804734125,N1802045105,1804734882,N1802047508,PLANNED,NBN,Underground,,,,,,,N,,N2P-NEW,FINANCE-N2P
4RBN-20-18-SDS-683,,,1,FIBRE,SDS,33.7,SDS_CORNING_1_ROC,4RBN-20-18-SMP-647,4RBN-20-18-PCD-683,1,,1804734125,N1802045105,1804734914,N1802043312,PLANNED,NBN,Underground,,,,,,,N,,N2P-NEW,FINANCE-N2P
4RBN-20-18-SDS-684,,,1,FIBRE,SDS,33.7,SDS_CORNING_1_ROC,4RBN-20-18-SMP-647,4RBN-20-18-PCD-684,1,,1804734125,N1802045105,1804734914,N1802043312,PLANNED,NBN,Underground,,,,,,,N,,N2P-NEW,FINANCE-N2P
4RBN-20-18-SDS-685,,,1,FIBRE,SDS,20.3,SDS_CORNING_1_ROC,4RBN-20-18-SMP-647,4RBN-20-18-PCD-685,1,,1804734125,N1802045105,1804734917,N1802052236,PLANNED,NBN,Underground,,,,,,,N,,N2P-NEW,FINANCE-N2P
4RBN-20-18-SDS-686,,,1,FIBRE,SDS,20.3,SDS_CORNING_1_ROC,4RBN-20-18-SMP-647,4RBN-20-18-PCD-686,1,,1804734125,N1802045105,1804734917,N1802052236,PLANNED,NBN,Underground,,,,,,,N,,N2P-NEW,FINANCE-N2P
4RBN-20-18-SDS-687,,,1,FIBRE,SDS,33.7,SDS_CORNING_1_ROC,4RBN-20-18-SMP-647,4RBN-20-18-PCD-687,1,,1804734125,N1802045105,1804734913,N1802042960,PLANNED,NBN,Underground,,,,,,,N,,N2P-NEW,FINANCE-N2P
4RBN-20-18-FSL-643,,,1,FIBRE,FSL,108.9,FSL_CORNING_12_LOOSE,4RBN-20-18-FJL-301,4RBN-20-18-BJL-643,12,,1804657875,N1381632089,1804657893,N1802044067,PLANNED,NBN,Underground,,,,,,,N,,N2P-NEW,FINANCE-N2P
4RBN-20-18-SSS-648,,,1,FIBRE,SSS,122.2,SSS_CORNING_1_ROC,4RBN-20-18-BJL-643,4RBN-20-18-SMP-648,1,,1804657893,N1802044067,1804658016,N1802049526,PLANNED,NBN,Underground,,,,,,,N,,N2P-NEW,FINANCE-N2P
4RBN-20-18-SDS-688,,,1,FIBRE,SDS,20.3,SDS_CORNING_1_ROC,4RBN-20-18-SMP-648,4RBN-20-18-PCD-688,1,,1804658016,N1802049526,1804658289,N1802052279,PLANNED,NBN,Underground,,,,,,,N,,N2P-NEW,FINANCE-N2P
4RBN-20-18-SDS-689,,,1,FIBRE,SDS,20.3,SDS_CORNING_1_ROC,4RBN-20-18-SMP-648,4RBN-20-18-PCD-689,1,,1804658016,N1802049526,1804658289,N1802052279,PLANNED,NBN,Underground,,,,,,,N,,N2P-NEW,FINANCE-N2P
4RBN-20-18-SDS-690,,,1,FIBRE,SDS,20.3,SDS_CORNING_1_ROC,4RBN-20-18-SMP-648,4RBN-20-18-PCD-690,1,,1804658016,N1802049526,1804658275,N1802046075,PLANNED,NBN,Underground,,,,,,,N,,N2P-NEW,FINANCE-N2P
4RBN-20-18-SDS-691,,,1,FIBRE,SDS,20.3,SDS_CORNING_1_ROC,4RBN-20-18-SMP-648,4RBN-20-18-PCD-691,1,,1804658016,N1802049526,1804658275,N1802046075,PLANNED,NBN,Underground,,,,,,,N,,N2P-NEW,FINANCE-N2P
4RBN-20-18-SDS-692,,,1,FIBRE,SDS,34.5,SDS_CORNING_1_ROC,4RBN-20-18-SMP-648,4RBN-20-18-PCD-692,1,,1804658016,N1802049526,1804658274,N1802046591,PLANNED,NBN,Underground,,,,,,,N,,N2P-NEW,FINANCE-N2P
4RBN-20-18-SDS-693,,,1,FIBRE,SDS,41.4,SDS_CORNING_1_ROC,4RBN-20-18-SMP-648,4RBN-20-18-PCD-693,1,,1804658016,N1802049526,1804658273,N1802044491,PLANNED,NBN,Underground,,,,,,,N,,N2P-NEW,FINANCE-N2P
4RBN-20-18-SSS-649,,,1,FIBRE,SSS,79.6,SSS_CORNING_1_ROC,4RBN-20-18-BJL-643,4RBN-20-18-SMP-649,1,,1804657893,N1802044067,1804658013,N1802047079,PLANNED,NBN,Underground,,,,,,,N,,N2P-NEW,FINANCE-N2P
4RBN-20-18-SDS-694,,,1,FIBRE,SDS,14.5,SDS_CORNING_1_ROC,4RBN-20-18-SMP-649,4RBN-20-18-PCD-694,1,,1804658013,N1802047079,1804658271,N1802044790,PLANNED,NBN,Underground,,,,,,,N,,N2P-NEW,FINANCE-N2P
4RBN-20-18-SDS-695,,,1,FIBRE,SDS,14.5,SDS_CORNING_1_ROC,4RBN-20-18-SMP-649,4RBN-20-18-PCD-695,1,,1804658013,N1802047079,1804658271,N1802044790,PLANNED,NBN,Underground,,,,,,,N,,N2P-NEW,FINANCE-N2P
4RBN-20-18-SDS-696,,,1,FIBRE,SDS,20.3,SDS_CORNING_1_ROC,4RBN-20-18-SMP-649,4RBN-20-18-PCD-696,1,,1804658013,N1802047079,1804658287,N1802051701,PLANNED,NBN,Underground,,,,,,,N,,N2P-NEW,FINANCE-N2P
4RBN-20-18-SDS-697,,,1,FIBRE,SDS,20.3,SDS_CORNING_1_ROC,4RBN-20-18-SMP-649,4RBN-20-18-PCD-697,1,,1804658013,N1802047079,1804658287,N1802051701,PLANNED,NBN,Underground,,,,,,,N,,N2P-NEW,FINANCE-N2P
4RBN-20-18-SDS-698,,,1,FIBRE,SDS,36.2,SDS_CORNING_1_ROC,4RBN-20-18-SMP-649,4RBN-20-18-PCD-698,1,,1804658013,N1802047079,1804658267,N1802049103,PLANNED,NBN,Underground,,,,,,,N,,N2P-NEW,FINANCE-N2P
4RBN-20-18-SDS-699,,,1,FIBRE,SDS,79.1,SDS_CORNING_1_ROC,4RBN-20-18-SMP-649,4RBN-20-18-PCD-699,1,,1804658013,N1802047079,1804658266,N1802048503,PLANNED,NBN,Underground,,,,,,,N,,N2P-NEW,FINANCE-N2P
4RBN-20-18-SDS-700,,,1,FIBRE,SDS,82.2,SDS_CORNING_1_ROC,4RBN-20-18-SMP-648,4RBN-20-18-PCD-700,1,,1804658016,N1802049526,1804658268,N1802051216,PLANNED,NBN,Underground,,,,,,,N,,N2P-NEW,FINANCE-N2P
4RBN-20-18-SSS-650,,,1,FIBRE,SSS,20,SSS_CORNING_1_ROC,4RBN-20-18-BJL-643,4RBN-20-18-SMP-650,1,,1804657893,N1802044067,1804657893,N1802044067,PLANNED,NBN,Underground,,,,,,,N,,N2P-NEW,FINANCE-N2P
4RBN-20-18-SDS-701,,,1,FIBRE,SDS,76.1,SDS_CORNING_1_ROC,4RBN-20-18-SMP-650,4RBN-20-18-PCD-701,1,,1804657893,N1802044067,4RBN-20-01-NEC-653,,PLANNED,NBN,Underground,,,,,,,N,,N2P-NEW,FINANCE-N2P
4RBN-20-18-SDS-702,,,1,FIBRE,SDS,92.5,SDS_CORNING_1_ROC,4RBN-20-18-SMP-650,4RBN-20-18-PCD-702,1,,1804657893,N1802044067,1804658264,N1802049553,PLANNED,NBN,Underground,,,,,,,N,,N2P-NEW,FINANCE-N2P
4RBN-20-18-SDS-703,,,1,FIBRE,SDS,35.9,SDS_CORNING_1_ROC,4RBN-20-18-SMP-650,4RBN-20-18-PCD-703,1,,1804657893,N1802044067,1804658269,N1802053381,PLANNED,NBN,Underground,,,,,,,N,,N2P-NEW,FINANCE-N2P
4RBN-20-18-SDS-704,,,1,FIBRE,SDS,92.5,SDS_CORNING_1_ROC,4RBN-20-18-SMP-650,4RBN-20-18-PCD-704,1,,1804657893,N1802044067,1804658263,N1802047144,PLANNED,NBN,Underground,,,,,,,N,,N2P-NEW,FINANCE-N2P
4RBN-20-18-SDS-705,,,1,FIBRE,SDS,79.1,SDS_CORNING_1_ROC,4RBN-20-18-SMP-649,4RBN-20-18-PCD-705,1,,1804658013,N1802047079,1804658265,N1802052001,PLANNED,NBN,Underground,,,,,,,N,,N2P-NEW,FINANCE-N2P
4RBN-20-18-SDS-706,,,1,FIBRE,SDS,47.4,SDS_CORNING_1_ROC,4RBN-20-18-SMP-650,4RBN-20-18-PCD-706,1,,1804657893,N1802044067,1804658285,N1802053045,PLANNED,NBN,Underground,,,,,,,N,,N2P-NEW,FINANCE-N2P
4RBN-20-18-SDS-707,,,1,FIBRE,SDS,47.4,SDS_CORNING_1_ROC,4RBN-20-18-SMP-650,4RBN-20-18-PCD-707,1,,1804657893,N1802044067,1804658285,N1802053045,PLANNED,NBN,Underground,,,,,,,N,,N2P-NEW,FINANCE-N2P
4RBN-20-18-SDS-708,,,1,FIBRE,SDS,20,SDS_CORNING_1_ROC,4RBN-20-18-CAP-641,4RBN-20-18-PCD-708,1,,1805282675,N1802044817,1805282675,N1802044817,PLANNED,NBN,Underground,,,,,,,N,,N2P-NEW,FINANCE-N2P
4RBN-20-18-SDS-709,,,1,FIBRE,SDS,20,SDS_CORNING_1_ROC,4RBN-20-18-CAP-641,4RBN-20-18-PCD-709,1,,1805282675,N1802044817,1805282675,N1802044817,PLANNED,NBN,Underground,,,,,,,N,,N2P-NEW,FINANCE-N2P
4RBN-20-18-SDS-710,,,1,FIBRE,SDS,20,SDS_CORNING_1_ROC,4RBN-20-18-CAP-641,4RBN-20-18-PCD-710,1,,1805282675,N1802044817,1805282675,N1802044817,PLANNED,NBN,Underground,,,,,,,N,,N2P-NEW,FINANCE-N2P
4RBN-20-18-SDS-711,,,1,FIBRE,SDS,20,SDS_CORNING_1_ROC,4RBN-20-18-CAP-641,4RBN-20-18-PCD-711,1,,1805282675,N1802044817,1805282675,N1802044817,PLANNED,NBN,Underground,,,,,,,N,,N2P-NEW,FINANCE-N2P
4RBN-20-18-SDS-712,,,1,FIBRE,SDS,20,SDS_CORNING_1_ROC,4RBN-20-18-CAP-641,4RBN-20-18-PCD-712,1,,1805282675,N1802044817,1805282675,N1802044817,PLANNED,NBN,Underground,,,,,,,N,,N2P-NEW,FINANCE-N2P
4RBN-20-18-SDS-713,,,1,FIBRE,SDS,20,SDS_CORNING_1_ROC,4RBN-20-18-CAP-641,4RBN-20-18-PCD-713,1,,1805282675,N1802044817,1805282675,N1802044817,PLANNED,NBN,Underground,,,,,,,N,,N2P-NEW,FINANCE-N2P
4RBN-20-18-SDS-714,,,1,FIBRE,SDS,20,SDS_CORNING_1_ROC,4RBN-20-18-CAP-641,4RBN-20-18-PCD-714,1,,1805282675,N1802044817,1805282675,N1802044817,PLANNED,NBN,Underground,,,,,,,N,,N2P-NEW,FINANCE-N2P
4RBN-20-18-SDS-715,,,1,FIBRE,SDS,20,SDS_CORNING_1_ROC,4RBN-20-18-CAP-641,4RBN-20-18-PCD-715,1,,1805282675,N1802044817,1805282675,N1802044817,PLANNED,NBN,Underground,,,,,,,N,,N2P-NEW,FINANCE-N2P
4RBN-20-18-SDS-716,,,1,FIBRE,SDS,20,SDS_CORNING_1_ROC,4RBN-20-18-CAP-641,4RBN-20-18-PCD-716,1,,1805282675,N1802044817,1805282675,N1802044817,PLANNED,NBN,Underground,,,,,,,N,,N2P-NEW,FINANCE-N2P
4RBN-20-18-SDS-717,,,1,FIBRE,SDS,20,SDS_CORNING_1_ROC,4RBN-20-18-CAP-641,4RBN-20-18-PCD-717,1,,1805282675,N1802044817,1805282675,N1802044817,PLANNED,NBN,Underground,,,,,,,N,,N2P-NEW,FINANCE-N2P
4RBN-20-18-SDS-718,,,1,FIBRE,SDS,20,SDS_CORNING_1_ROC,4RBN-20-18-CAP-641,4RBN-20-18-PCD-718,1,,1805282675,N1802044817,1805282675,N1802044817,PLANNED,NBN,Underground,,,,,,,N,,N2P-NEW,FINANCE-N2P
4RBN-20-18-SDS-719,,,1,FIBRE,SDS,20,SDS_CORNING_1_ROC,4RBN-20-18-CAP-641,4RBN-20-18-PCD-719,1,,1805282675,N1802044817,1805282675,N1802044817,PLANNED,NBN,Underground,,,,,,,N,,N2P-NEW,FINANCE-N2P
4RBN-20-18-SDS-720,,,1,FIBRE,SDS,20,SDS_CORNING_1_ROC,4RBN-20-18-CAP-641,4RBN-20-18-PCD-720,1,,1805282675,N1802044817,1805282675,N1802044817,PLANNED,NBN,Underground,,,,,,,N,,N2P-NEW,FINANCE-N2P
4RBN-20-18-SDS-721,,,1,FIBRE,SDS,20,SDS_CORNING_1_ROC,4RBN-20-18-CAP-641,4RBN-20-18-PCD-721,1,,1805282675,N1802044817,1805282675,N1802044817,PLANNED,NBN,Underground,,,,,,,N,,N2P-NEW,FINANCE-N2P
4RBN-20-18-SDS-722,,,1,FIBRE,SDS,20,SDS_CORNING_1_ROC,4RBN-20-18-CAP-641,4RBN-20-18-PCD-722,1,,1805282675,N1802044817,1805282675,N1802044817,PLANNED,NBN,Underground,,,,,,,N,,N2P-NEW,FINANCE-N2P
4RBN-20-18-SDS-723,,,1,FIBRE,SDS,20,SDS_CORNING_1_ROC,4RBN-20-18-CAP-641,4RBN-20-18-PCD-723,1,,1805282675,N1802044817,1805282675,N1802044817,PLANNED,NBN,Underground,,,,,,,N,,N2P-NEW,FINANCE-N2P
4RBN-20-18-SDS-724,,,1,FIBRE,SDS,20,SDS_CORNING_1_ROC,4RBN-20-18-CAP-641,4RBN-20-18-PCD-724,1,,1805282675,N1802044817,1805282675,N1802044817,PLANNED,NBN,Underground,,,,,,,N,,N2P-NEW,FINANCE-N2P
4RBN-20-18-SDS-725,,,1,FIBRE,SDS,20,SDS_CORNING_1_ROC,4RBN-20-18-CAP-641,4RBN-20-18-PCD-725,1,,1805282675,N1802044817,1805282675,N1802044817,PLANNED,NBN,Underground,,,,,,,N,,N2P-NEW,FINANCE-N2P
4RBN-20-18-SDS-726,,,1,FIBRE,SDS,20,SDS_CORNING_1_ROC,4RBN-20-18-CAP-641,4RBN-20-18-PCD-726,1,,1805282675,N1802044817,1805282675,N1802044817,PLANNED,NBN,Underground,,,,,,,N,,N2P-NEW,FINANCE-N2P
4RBN-20-18-SDS-727,,,1,FIBRE,SDS,20,SDS_CORNING_1_ROC,4RBN-20-18-CAP-641,4RBN-20-18-PCD-727,1,,1805282675,N1802044817,1805282675,N1802044817,PLANNED,NBN,Underground,,,,,,,N,,N2P-NEW,FINANCE-N2P
4RBN-20-18-SDS-728,,,1,FIBRE,SDS,20,SDS_CORNING_1_ROC,4RBN-20-18-CAP-641,4RBN-20-18-PCD-728,1,,1805282675,N1802044817,1805282675,N1802044817,PLANNED,NBN,Underground,,,,,,,N,,N2P-NEW,FINANCE-N2P
4RBN-20-18-SDS-729,,,1,FIBRE,SDS,20,SDS_CORNING_1_ROC,4RBN-20-18-CAP-641,4RBN-20-18-PCD-729,1,,1805282675,N1802044817,1805282675,N1802044817,PLANNED,NBN,Underground,,,,,,,N,,N2P-NEW,FINANCE-N2P
4RBN-20-18-SDS-730,,,1,FIBRE,SDS,20,SDS_CORNING_1_ROC,4RBN-20-18-CAP-641,4RBN-20-18-PCD-730,1,,1805282675,N1802044817,1805282675,N1802044817,PLANNED,NBN,Underground,,,,,,,N,,N2P-NEW,FINANCE-N2P
4RBN-20-18-SDS-731,,,1,FIBRE,SDS,20,SDS_CORNING_1_ROC,4RBN-20-18-CAP-641,4RBN-20-18-PCD-731,1,,1805282675,N1802044817,1805282675,N1802044817,PLANNED,NBN,Underground,,,,,,,N,,N2P-NEW,FINANCE-N2P
4RBN-20-18-SDS-732,,,1,FIBRE,SDS,20,SDS_CORNING_1_ROC,4RBN-20-18-CAP-641,4RBN-20-18-PCD-732,1,,1805282675,N1802044817,1805282675,N1802044817,PLANNED,NBN,Underground,,,,,,,N,,N2P-NEW,FINANCE-N2P
4RBN-20-18-SDS-733,,,1,FIBRE,SDS,20,SDS_CORNING_1_ROC,4RBN-20-18-CAP-641,4RBN-20-18-PCD-733,1,,1805282675,N1802044817,1805282675,N1802044817,PLANNED,NBN,Underground,,,,,,,N,,N2P-NEW,FINANCE-N2P
4RBN-20-18-SDS-734,,,1,FIBRE,SDS,20,SDS_CORNING_1_ROC,4RBN-20-18-CAP-641,4RBN-20-18-PCD-734,1,,1805282675,N1802044817,1805282675,N1802044817,PLANNED,NBN,Underground,,,,,,,N,,N2P-NEW,FINANCE-N2P
4RBN-20-18-SDS-735,,,1,FIBRE,SDS,20,SDS_CORNING_1_ROC,4RBN-20-18-CAP-641,4RBN-20-18-PCD-735,1,,1805282675,N1802044817,1805282675,N1802044817,PLANNED,NBN,Underground,,,,,,,N,,N2P-NEW,FINANCE-N2P
4RBN-20-18-SDS-736,,,1,FIBRE,SDS,20,SDS_CORNING_1_ROC,4RBN-20-18-CAP-641,4RBN-20-18-PCD-736,1,,1805282675,N1802044817,1805282675,N1802044817,PLANNED,NBN,Underground,,,,,,,N,,N2P-NEW,FINANCE-N2P
4RBN-20-18-SDS-737,,,1,FIBRE,SDS,20,SDS_CORNING_1_ROC,4RBN-20-18-CAP-641,4RBN-20-18-PCD-737,1,,1805282675,N1802044817,1805282675,N1802044817,PLANNED,NBN,Underground,,,,,,,N,,N2P-NEW,FINANCE-N2P
4RBN-20-18-SDS-738,,,1,FIBRE,SDS,20,SDS_CORNING_1_ROC,4RBN-20-18-CAP-641,4RBN-20-18-PCD-738,1,,1805282675,N1802044817,1805282675,N1802044817,PLANNED,NBN,Underground,,,,,,,N,,N2P-NEW,FINANCE-N2P
4RBN-20-18-SDS-739,,,1,FIBRE,SDS,20,SDS_CORNING_1_ROC,4RBN-20-18-CAP-641,4RBN-20-18-PCD-739,1,,1805282675,N1802044817,1805282675,N1802044817,PLANNED,NBN,Underground,,,,,,,N,,N2P-NEW,FINANCE-N2P
4RBN-20-18-SDS-740,,,1,FIBRE,SDS,20,SDS_CORNING_1_ROC,4RBN-20-18-CAP-641,4RBN-20-18-PCD-740,1,,1805282675,N1802044817,1805282675,N1802044817,PLANNED,NBN,Underground,,,,,,,N,,N2P-NEW,FINANCE-N2P
4RBN-20-18-SDS-741,,,1,FIBRE,SDS,20,SDS_CORNING_1_ROC,4RBN-20-18-CAP-641,4RBN-20-18-PCD-741,1,,1805282675,N1802044817,1805282675,N1802044817,PLANNED,NBN,Underground,,,,,,,N,,N2P-NEW,FINANCE-N2P
4RBN-20-18-SDS-742,,,1,FIBRE,SDS,20,SDS_CORNING_1_ROC,4RBN-20-18-CAP-641,4RBN-20-18-PCD-742,1,,1805282675,N1802044817,1805282675,N1802044817,PLANNED,NBN,Underground,,,,,,,N,,N2P-NEW,FINANCE-N2P
4RBN-20-18-SDS-743,,,1,FIBRE,SDS,20,SDS_CORNING_1_ROC,4RBN-20-18-CAP-641,4RBN-20-18-PCD-743,1,,1805282675,N1802044817,1805282675,N1802044817,PLANNED,NBN,Underground,,,,,,,N,,N2P-NEW,FINANCE-N2P
4RBN-20-18-SDS-744,,,1,FIBRE,SDS,20,SDS_CORNING_1_ROC,4RBN-20-18-CAP-641,4RBN-20-18-PCD-744,1,,1805282675,N1802044817,1805282675,N1802044817,PLANNED,NBN,Underground,,,,,,,N,,N2P-NEW,FINANCE-N2P
4RBN-20-18-SDS-745,,,1,FIBRE,SDS,20,SDS_CORNING_1_ROC,4RBN-20-18-CAP-641,4RBN-20-18-PCD-745,1,,1805282675,N1802044817,1805282675,N1802044817,PLANNED,NBN,Underground,,,,,,,N,,N2P-NEW,FINANCE-N2P
4RBN-20-18-SDS-746,,,1,FIBRE,SDS,20,SDS_CORNING_1_ROC,4RBN-20-18-CAP-641,4RBN-20-18-PCD-746,1,,1805282675,N1802044817,1805282675,N1802044817,PLANNED,NBN,Underground,,,,,,,N,,N2P-NEW,FINANCE-N2P
4RBN-20-18-SDS-747,,,1,FIBRE,SDS,20,SDS_CORNING_1_ROC,4RBN-20-18-CAP-641,4RBN-20-18-PCD-747,1,,1805282675,N1802044817,1805282675,N1802044817,PLANNED,NBN,Underground,,,,,,,N,,N2P-NEW,FINANCE-N2P
4RBN-20-18-SDS-748,,,1,FIBRE,SDS,20,SDS_CORNING_1_ROC,4RBN-20-18-CAP-641,4RBN-20-18-PCD-748,1,,1805282675,N1802044817,1805282675,N1802044817,PLANNED,NBN,Underground,,,,,,,N,,N2P-NEW,FINANCE-N2P
4RBN-20-18-SDS-749,,,1,FIBRE,SDS,20,SDS_CORNING_1_ROC,4RBN-20-18-CAP-641,4RBN-20-18-PCD-749,1,,1805282675,N1802044817,1805282675,N1802044817,PLANNED,NBN,Underground,,,,,,,N,,N2P-NEW,FINANCE-N2P
4RBN-20-18-SDS-750,,,1,FIBRE,SDS,20,SDS_CORNING_1_ROC,4RBN-20-18-CAP-641,4RBN-20-18-PCD-750,1,,1805282675,N1802044817,1805282675,N1802044817,PLANNED,NBN,Underground,,,,,,,N,,N2P-NEW,FINANCE-N2P
4RBN-20-18-SDS-751,,,1,FIBRE,SDS,20,SDS_CORNING_1_ROC,4RBN-20-18-CAP-641,4RBN-20-18-PCD-751,1,,1805282675,N1802044817,1805282675,N1802044817,PLANNED,NBN,Underground,,,,,,,N,,N2P-NEW,FINANCE-N2P
4RBN-20-18-SDS-752,,,1,FIBRE,SDS,20,SDS_CORNING_1_ROC,4RBN-20-18-CAP-641,4RBN-20-18-PCD-752,1,,1805282675,N1802044817,1805282675,N1802044817,PLANNED,NBN,Underground,,,,,,,N,,N2P-NEW,FINANCE-N2P
4RBN-20-18-SDS-753,,,1,FIBRE,SDS,20,SDS_CORNING_1_ROC,4RBN-20-18-CAP-641,4RBN-20-18-PCD-753,1,,1805282675,N1802044817,1805282675,N1802044817,PLANNED,NBN,Underground,,,,,,,N,,N2P-NEW,FINANCE-N2P
4RBN-20-18-SDS-754,,,1,FIBRE,SDS,20,SDS_CORNING_1_ROC,4RBN-20-18-CAP-641,4RBN-20-18-PCD-754,1,,1805282675,N1802044817,1805282675,N1802044817,PLANNED,NBN,Underground,,,,,,,N,,N2P-NEW,FINANCE-N2P
4RBN-20-18-SDS-755,,,1,FIBRE,SDS,20,SDS_CORNING_1_ROC,4RBN-20-18-CAP-641,4RBN-20-18-PCD-755,1,,1805282675,N1802044817,1805282675,N1802044817,PLANNED,NBN,Underground,,,,,,,N,,N2P-NEW,FINANCE-N2P
4RBN-20-18-SDS-756,,,1,FIBRE,SDS,20,SDS_CORNING_1_ROC,4RBN-20-18-CAP-641,4RBN-20-18-PCD-756,1,,1805282675,N1802044817,1805282675,N1802044817,PLANNED,NBN,Underground,,,,,,,N,,N2P-NEW,FINANCE-N2P
4RBN-20-18-SDS-757,,,1,FIBRE,SDS,20,SDS_CORNING_1_ROC,4RBN-20-18-CAP-641,4RBN-20-18-PCD-757,1,,1805282675,N1802044817,1805282675,N1802044817,PLANNED,NBN,Underground,,,,,,,N,,N2P-NEW,FINANCE-N2P
4RBN-20-18-SDS-758,,,1,FIBRE,SDS,20,SDS_CORNING_1_ROC,4RBN-20-18-CAP-641,4RBN-20-18-PCD-758,1,,1805282675,N1802044817,1805282675,N1802044817,PLANNED,NBN,Underground,,,,,,,N,,N2P-NEW,FINANCE-N2P
4RBN-20-18-SDS-759,,,1,FIBRE,SDS,20,SDS_CORNING_1_ROC,4RBN-20-18-CAP-641,4RBN-20-18-PCD-759,1,,1805282675,N1802044817,1805282675,N1802044817,PLANNED,NBN,Underground,,,,,,,N,,N2P-NEW,FINANCE-N2P
4RBN-20-18-SDS-760,,,1,FIBRE,SDS,20,SDS_CORNING_1_ROC,4RBN-20-18-CAP-641,4RBN-20-18-PCD-760,1,,1805282675,N1802044817,1805282675,N1802044817,PLANNED,NBN,Underground,,,,,,,N,,N2P-NEW,FINANCE-N2P
4RBN-20-18-SDS-761,,,1,FIBRE,SDS,20,SDS_CORNING_1_ROC,4RBN-20-18-CAP-641,4RBN-20-18-PCD-761,1,,1805282675,N1802044817,1805282675,N1802044817,PLANNED,NBN,Underground,,,,,,,N,,N2P-NEW,FINANCE-N2P
4RBN-20-18-SDS-762,,,1,FIBRE,SDS,20,SDS_CORNING_1_ROC,4RBN-20-18-CAP-641,4RBN-20-18-PCD-762,1,,1805282675,N1802044817,1805282675,N1802044817,PLANNED,NBN,Underground,,,,,,,N,,N2P-NEW,FINANCE-N2P
4RBN-20-18-SDS-763,,,1,FIBRE,SDS,20,SDS_CORNING_1_ROC,4RBN-20-18-CAP-641,4RBN-20-18-PCD-763,1,,1805282675,N1802044817,1805282675,N1802044817,PLANNED,NBN,Underground,,,,,,,N,,N2P-NEW,FINANCE-N2P
4RBN-20-18-SDS-764,,,1,FIBRE,SDS,20,SDS_CORNING_1_ROC,4RBN-20-18-CAP-641,4RBN-20-18-PCD-764,1,,1805282675,N1802044817,1805282675,N1802044817,PLANNED,NBN,Underground,,,,,,,N,,N2P-NEW,FINANCE-N2P
4RBN-20-18-FSL-645,,,1,FIBRE,FSL,216.1,FSL_CORNING_12_LOOSE,4RBN-20-18-FJL-301,4RBN-20-18-BJL-645,12,,1804657875,N1381632089,1804657888,N1381632292,PLANNED,NBN,Underground,,,,,,,N,,N2P-NEW,FINANCE-N2P
4RBN-20-18-SSS-651,,,1,FIBRE,SSS,69.3,SSS_CORNING_1_ROC,4RBN-20-18-BJL-645,4RBN-20-18-SMP-651,1,,1804657888,N1381632292,1804734676,N1802053136,PLANNED,NBN,Underground,,,,,,,N,,N2P-NEW,FINANCE-N2P
4RBN-20-18-SDS-765,,,1,FIBRE,SDS,19.1,SDS_CORNING_1_ROC,4RBN-20-18-SMP-651,4RBN-20-18-PCD-765,1,,1804734676,N1802053136,1804734872,N1802043931,PLANNED,NBN,Underground,,,,,,,N,,N2P-NEW,FINANCE-N2P
4RBN-20-18-SDS-766,,,1,FIBRE,SDS,19.1,SDS_CORNING_1_ROC,4RBN-20-18-SMP-651,4RBN-20-18-PCD-766,1,,1804734676,N1802053136,1804734872,N1802043931,PLANNED,NBN,Underground,,,,,,,N,,N2P-NEW,FINANCE-N2P
4RBN-20-18-SDS-767,,,1,FIBRE,SDS,38.1,SDS_CORNING_1_ROC,4RBN-20-18-SMP-651,4RBN-20-18-PCD-767,1,,1804734676,N1802053136,1804734928,N1802052588,PLANNED,NBN,Underground,,,,,,,N,,N2P-NEW,FINANCE-N2P
4RBN-20-18-SDS-768,,,1,FIBRE,SDS,16.8,SDS_CORNING_1_ROC,4RBN-20-18-SMP-651,4RBN-20-18-PCD-768,1,,1804734676,N1802053136,1804734905,N1802052915,PLANNED,NBN,Underground,,,,,,,N,,N2P-NEW,FINANCE-N2P
4RBN-20-18-SDS-769,,,1,FIBRE,SDS,16.8,SDS_CORNING_1_ROC,4RBN-20-18-SMP-651,4RBN-20-18-PCD-769,1,,1804734676,N1802053136,1804734905,N1802052915,PLANNED,NBN,Underground,,,,,,,N,,N2P-NEW,FINANCE-N2P
4RBN-20-18-SDS-770,,,1,FIBRE,SDS,84.9,SDS_CORNING_1_ROC,4RBN-20-18-SMP-653,4RBN-20-18-PCD-770,1,,1804734679,N1802047398,1804734877,N1802048031,PLANNED,NBN,Underground,,,,,,,N,,N2P-NEW,FINANCE-N2P
4RBN-20-18-SSS-652,,,1,FIBRE,SSS,20,SSS_CORNING_1_ROC,4RBN-20-18-BJL-645,4RBN-20-18-SMP-652,1,,1804657888,N1381632292,1804657888,N1381632292,PLANNED,NBN,Underground,,,,,,,N,,N2P-NEW,FINANCE-N2P
4RBN-20-18-SDS-771,,,1,FIBRE,SDS,54.3,SDS_CORNING_1_ROC,4RBN-20-18-SMP-642,4RBN-20-18-PCD-771,1,,1804657883,N1381624018,1804658236,N1802045236,PLANNED,NBN,Underground,,,,,,,N,,N2P-NEW,FINANCE-N2P
4RBN-20-18-SDS-772,,,1,FIBRE,SDS,19.1,SDS_CORNING_1_ROC,4RBN-20-18-SMP-652,4RBN-20-18-PCD-772,1,,1804657888,N1381632292,1804658282,N1802043503,PLANNED,NBN,Underground,,,,,,,N,,N2P-NEW,FINANCE-N2P
4RBN-20-18-SDS-773,,,1,FIBRE,SDS,19.1,SDS_CORNING_1_ROC,4RBN-20-18-SMP-652,4RBN-20-18-PCD-773,1,,1804657888,N1381632292,1804658282,N1802043503,PLANNED,NBN,Underground,,,,,,,N,,N2P-NEW,FINANCE-N2P
4RBN-20-18-SDS-774,,,1,FIBRE,SDS,14.5,SDS_CORNING_1_ROC,4RBN-20-18-SMP-652,4RBN-20-18-PCD-774,1,,1804657888,N1381632292,1804658242,N1802045078,PLANNED,NBN,Underground,,,,,,,N,,N2P-NEW,FINANCE-N2P
4RBN-20-18-SDS-775,,,1,FIBRE,SDS,14.5,SDS_CORNING_1_ROC,4RBN-20-18-SMP-652,4RBN-20-18-PCD-775,1,,1804657888,N1381632292,1804658242,N1802045078,PLANNED,NBN,Underground,,,,,,,N,,N2P-NEW,FINANCE-N2P
4RBN-20-18-SDS-776,,,1,FIBRE,SDS,111.8,SDS_CORNING_1_ROC,4RBN-20-18-SMP-651,4RBN-20-18-PCD-776,1,,1804734676,N1802053136,1804658244,N1802043275,PLANNED,NBN,Underground,,,,,,,N,,N2P-NEW,FINANCE-N2P
4RBN-20-18-SDS-777,,,1,FIBRE,SDS,111.8,SDS_CORNING_1_ROC,4RBN-20-18-SMP-651,4RBN-20-18-PCD-777,1,,1804734676,N1802053136,1804658244,N1802043275,PLANNED,NBN,Underground,,,,,,,N,,N2P-NEW,FINANCE-N2P
4RBN-20-18-SSS-653,,,1,FIBRE,SSS,116.1,SSS_CORNING_1_ROC,4RBN-20-18-BJL-645,4RBN-20-18-SMP-653,1,,1804657888,N1381632292,1804734679,N1802047398,PLANNED,NBN,Underground,,,,,,,N,,N2P-NEW,FINANCE-N2P
4RBN-20-18-SDS-778,,,1,FIBRE,SDS,23.7,SDS_CORNING_1_ROC,4RBN-20-18-SMP-653,4RBN-20-18-PCD-778,1,,1804734679,N1802047398,1804734873,N1802046242,PLANNED,NBN,Underground,,,,,,,N,,N2P-NEW,FINANCE-N2P
4RBN-20-18-SDS-779,,,1,FIBRE,SDS,23.7,SDS_CORNING_1_ROC,4RBN-20-18-SMP-653,4RBN-20-18-PCD-779,1,,1804734679,N1802047398,1804734873,N1802046242,PLANNED,NBN,Underground,,,,,,,N,,N2P-NEW,FINANCE-N2P
4RBN-20-18-SDS-780,,,1,FIBRE,SDS,42.6,SDS_CORNING_1_ROC,4RBN-20-18-SMP-653,4RBN-20-18-PCD-780,1,,1804734679,N1802047398,1804734876,N1802047542,PLANNED,NBN,Underground,,,,,,,N,,N2P-NEW,FINANCE-N2P
4RBN-20-18-SDS-781,,,1,FIBRE,SDS,14.5,SDS_CORNING_1_ROC,4RBN-20-18-SMP-653,4RBN-20-18-PCD-781,1,,1804734679,N1802047398,1804734874,N1802048495,PLANNED,NBN,Underground,,,,,,,N,,N2P-NEW,FINANCE-N2P
4RBN-20-18-SDS-782,,,1,FIBRE,SDS,14.5,SDS_CORNING_1_ROC,4RBN-20-18-SMP-653,4RBN-20-18-PCD-782,1,,1804734679,N1802047398,1804734874,N1802048495,PLANNED,NBN,Underground,,,,,,,N,,N2P-NEW,FINANCE-N2P
4RBN-20-18-SDS-783,,,1,FIBRE,SDS,42.6,SDS_CORNING_1_ROC,4RBN-20-18-SMP-653,4RBN-20-18-PCD-783,1,,1804734679,N1802047398,1804734875,N1802049021,PLANNED,NBN,Underground,,,,,,,N,,N2P-NEW,FINANCE-N2P
4RBN-20-18-SSS-654,,,1,FIBRE,SSS,234.1,SSS_CORNING_1_ROC,4RBN-20-18-BJL-645,4RBN-20-18-SMP-654,1,,1804657888,N1381632292,1805235112,N1760909622,PLANNED,NBN,Underground,,,,,,,N,,N2P-NEW,FINANCE-N2P
4RBN-20-18-SDS-784,,,1,FIBRE,SDS,196.9,SDS_CORNING_1_ROC,4RBN-20-18-SMP-654,4RBN-20-18-PCD-784,1,,1805235112,N1760909622,1804658234,N1802044651,PLANNED,NBN,Underground,,,,,,,N,,N2P-NEW,FINANCE-N2P
4RBN-20-18-SDS-785,,,1,FIBRE,SDS,196.9,SDS_CORNING_1_ROC,4RBN-20-18-SMP-654,4RBN-20-18-PCD-785,1,,1805235112,N1760909622,1804658233,N1802046431,PLANNED,NBN,Underground,,,,,,,N,,N2P-NEW,FINANCE-N2P
4RBN-20-18-SDS-786,,,1,FIBRE,SDS,65.2,SDS_CORNING_1_ROC,4RBN-20-18-SMP-652,4RBN-20-18-PCD-786,1,,1804657888,N1381632292,1804658241,N1802044786,PLANNED,NBN,Underground,,,,,,,N,,N2P-NEW,FINANCE-N2P
4RBN-20-18-SDS-787,,,1,FIBRE,SDS,68.7,SDS_CORNING_1_ROC,4RBN-20-18-SMP-652,4RBN-20-18-PCD-787,1,,1804657888,N1381632292,1804658240,N1802044465,PLANNED,NBN,Underground,,,,,,,N,,N2P-NEW,FINANCE-N2P
4RBN-20-18-SDS-788,,,1,FIBRE,SDS,86.6,SDS_CORNING_1_ROC,4RBN-20-18-SMP-652,4RBN-20-18-PCD-788,1,,1804657888,N1381632292,1804658235,N1802044343,PLANNED,NBN,Underground,,,,,,,N,,N2P-NEW,FINANCE-N2P
4RBN-20-18-SDS-789,,,1,FIBRE,SDS,154.5,SDS_CORNING_1_ROC,4RBN-20-18-SMP-654,4RBN-20-18-PCD-789,1,,1805235112,N1760909622,4RBN-20-18-NEC-002,N1905564775,PLANNED,NBN,Underground,,,,,,,N,,N2P-NEW,FINANCE-N2P
4RBN-20-18-SDS-792,,,1,FIBRE,SDS,167.1,SDS_CORNING_1_ROC,4RBN-20-18-SMP-654,4RBN-20-18-PCD-792,1,,1805235112,N1760909622,15001732008,N1802044934,PLANNED,NBN,Underground,,,,,,,N,,N2P-NEW,FINANCE-N2P
4RBN-20-00-DSS-032,,,1,FIBRE,DSS,40.1,DSS_CORNING_12_RIBBON,4RBN-20-00-DJL-010,4RBN-20-18-MPT-002,12,,9.00E+17,N1792358990,1805343123,N1760915413,INSERVICE,NBN,Underground,,,,,,,N,N1771746021,,
4RBN-20-18-HSD-002,,,1,FIBRE,HSD,43.2,HSD_CORNING_12_RIBBON,4RBN-20-18-MPT-002,9.00E+17,12,,1805343123,N1760915413,15015907123,N1760902873,INSERVICE,NBN,Underground,,,,,,,N,N1771771768,,
4RBN-20-18-FSL-644,,,1,FIBRE,FSL,42.4,FSL_CORNING_12_LOOSE,4RBN-20-18-FJL-301,4RBN-20-18-BJL-644,12,,1804657875,N1381632089,1804657877,N1381625591,PLANNED,NBN,Underground,,,,,,,N,,N2P-NEW,FINANCE-N2P
4RBN-20-18-FSL-646,,,1,FIBRE,FSL,246.9,FSL_CORNING_12_LOOSE,4RBN-20-18-BJL-644,4RBN-20-18-CAP-641,12,,1804657877,N1381625591,1805282675,N1802044817,PLANNED,NBN,Underground,,,,,,,N,,N2P-NEW,FINANCE-N2P
4RBN-20-14-FSD-305,,,1,FIBRE,FSD,138.9,FSD_CORNING_12_RIBBON,4RBN-20-14-MPT-001,4RBN-20-14-FJL-301,12,,15037197634,N1381630954,1803864525,N1381630863,PLANNED,NBN,Underground,,,,,,,N,,N2P-NEW,FINANCE-N2P
4RBN-20-14-FSD-301,,,1,FIBRE,FSD,138.9,FSD_CORNING_1_ROC,4RBN-20-14-MPT-001,4RBN-20-14-FJL-301,1,,15037197634,N1381630954,1803864525,N1381630863,PLANNED,NBN,Underground,,,,,,,N,,N2P-NEW,FINANCE-N2P
4RBN-20-14-FSD-302,,,1,FIBRE,FSD,138.9,FSD_CORNING_1_ROC,4RBN-20-14-MPT-001,4RBN-20-14-FJL-301,1,,15037197634,N1381630954,1803864525,N1381630863,PLANNED,NBN,Underground,,,,,,,N,,N2P-NEW,FINANCE-N2P
4RBN-20-14-FSD-303,,,1,FIBRE,FSD,138.9,FSD_CORNING_1_ROC,4RBN-20-14-MPT-001,4RBN-20-14-FJL-301,1,,15037197634,N1381630954,1803864525,N1381630863,PLANNED,NBN,Underground,,,,,,,N,,N2P-NEW,FINANCE-N2P
4RBN-20-14-FSD-304,,,1,FIBRE,FSD,138.9,FSD_CORNING_1_ROC,4RBN-20-14-MPT-001,4RBN-20-14-FJL-301,1,,15037197634,N1381630954,1803864525,N1381630863,PLANNED,NBN,Underground,,,,,,,N,,N2P-NEW,FINANCE-N2P
4RBN-20-04-SDS-788,,,1,FIBRE,SDS,166.9,SDS_CORNING_1_ROC,4RBN-20-04-SMP-648,4RBN-20-04-PCD-788,1,,1805304110,N1802047106,4RBN-20-04-NEC-002,N1791122192,PLANNED,NBN,Underground,,,,,,,N,,N2P-NEW,FINANCE-N2P
4RBN-20-11-SDS-693,,,1,FIBRE,SDS,76.7,SDS_CORNING_1_ROC,4RBN-20-11-SMP-646,4RBN-20-11-PCD-693,1,,1804624316,N1802050551,1804625133,N1802043444,PLANNED,NBN,Underground,,,,,,,N,,N2P-NEW,FINANCE-N2P
4RBN-20-12-SDS-684,,,1,FIBRE,SDS,62.3,SDS_CORNING_1_ROC,4RBN-20-12-SMP-645,4RBN-20-12-PCD-684,1,,1804861813,N1802049523,1804862024,N1802049630,PLANNED,NBN,Underground,,,,,,,N,,N2P-NEW,FINANCE-N2P
4RBN-20-21-FSD-306,,,1,FIBRE,FSD,396.3,FSD_CORNING_12_RIBBON,4RBN-20-00-DJL-012,4RBN-20-21-FJL-302,12,,1803676588,N1381628247,1804418360,N1381624437,PLANNED,NBN,Underground,,,,,,,N,,N2P-NEW,FINANCE-N2P
4RBN-20-16-FSD-305,,,1,FIBRE,FSD,769,FSD_CORNING_12_RIBBON,4RBN-20-00-DJL-008,4RBN-20-16-FJL-302,12,,1803864525,N1381630863,1804052345,N1802052750,PLANNED,NBN,Underground,,,,,,,N,,N2P-NEW,FINANCE-N2P
4MRA-00-00-TSS-023,,,1,FIBRE,TSS,0,TSS_PRYS_144_RIBBON_V2,4RBN-00-00-TJL-008,4RBN-00-00-TJL-009,144,,15014217572,N152313543,1804858497,N296907356,PLANNED,NBN,Underground,,,,,,,N,N4209131951,,
4RBN-00-00-TSS-004,,,1,FIBRE,TSS,1986,TSS_PRYS_288_RIBBON_V2,4BUR-00-00-TJL-009,4RBN-00-00-TJL-001,288,,1805001032,N267965056,1804830629,N152313532,INSERVICE,NBN,Underground,,,,,,,N,N693856612,,
4RBN-00-00-TSS-005,,,1,FIBRE,TSS,1732,TSS_PRYS_288_RIBBON_V2,4RBN-00-00-TJL-001,4RBN-00-00-TJL-002,288,,1804830629,N152313532,1804268116,N152313545,INSERVICE,NBN,Underground,,,,,,,N,N693856622,,
4RBN-01-00-HSD-601,,,1,FIBRE,HSD,79,HSD_CORNING_12_RIBBON,4RBN-20-08-MPT-001,9.00E+17,12,,4RBN-20-08-PIT-002,N1381626344,15016869359,N1760913316,INSERVICE,NBN,Underground,,,,,,,N,N2742682512,,
4RBN-20-00-DSS-002,,,1,FIBRE,DSS,2288.4,DSS_CORNING_576_RIBBON,,4RBN-20-00-DJL-002,576,,900086348,N152313535,1804163911,N296918373,INSERVICE,NBN,Underground,,,,,,,N,N1393406231,,
4RBN-20-00-DSS-003,,,1,FIBRE,DSS,388.6,DSS_CORNING_576_RIBBON,4RBN-20-00-DJL-002,4RBN-20-00-DJL-003,576,,1804163911,N296918373,1804609416,N296918061,INSERVICE,NBN,Underground,,,,,,,N,N1381963032,,
4RBN-20-00-DSS-004,,,1,FIBRE,DSS,288.6,DSS_CORNING_576_RIBBON,4RBN-20-00-DJL-003,4RBN-20-00-DJL-004,576,,1804609416,N296918061,1804596029,N1381623300,INSERVICE,NBN,Underground,,,,,,,N,N1381964963,,
4RBN-20-00-DSS-005,,,1,FIBRE,DSS,647.8,DSS_CORNING_576_RIBBON,4RBN-20-00-DJL-004,4RBN-20-00-DJL-005,576,,1804596029,N1381623300,4RBN-20-05-PIT-004,N1792954618,INSERVICE,NBN,Underground,,,,,,,N,N1381967070,,
4RBN-20-00-DSS-006,,,1,FIBRE,DSS,606.7,DSS_CORNING_576_RIBBON,4RBN-20-00-DJL-005,4RBN-20-00-DJL-006,576,,4RBN-20-05-PIT-004,N1792954618,1804256070,N296874303,INSERVICE,NBN,Underground,,,,,,,N,N1381960017,,
4RBN-20-00-DSS-007,,,1,FIBRE,DSS,362.5,DSS_CORNING_576_RIBBON,4RBN-20-00-DJL-006,4RBN-20-00-DJL-007,576,,1804256070,N296874303,4RBN-20-12-PIT-003,N1381632186,INSERVICE,NBN,Underground,,,,,,,N,N1381964501,,
4RBN-20-00-DSS-008,,,1,FIBRE,DSS,681.5,DSS_CORNING_576_RIBBON,4RBN-20-00-DJL-007,4RBN-20-00-DJL-008,576,,4RBN-20-12-PIT-003,N1381632186,1803864525,N1381630863,INSERVICE,NBN,Underground,,,,,,,N,N1382999012,,
4RBN-20-00-DSS-009,,,1,FIBRE,DSS,722.8,DSS_CORNING_576_RIBBON,4RBN-20-00-DJL-008,4RBN-20-00-DJL-009,576,,1803864525,N1381630863,1804509560,N1381627904,INSERVICE,NBN,Underground,,,,,,,N,N1381965049,,
4RBN-20-00-DSS-010,,,1,FIBRE,DSS,592.1,DSS_CORNING_576_RIBBON,4RBN-20-00-DJL-009,4RBN-20-00-DJL-010,576,,1804509560,N1381627904,9.00E+17,N1792358990,INSERVICE,NBN,Underground,,,,,,,N,N1381962571,,
4RBN-20-00-DSS-011,,,1,FIBRE,DSS,1540.8,DSS_CORNING_72_RIBBON,,4RBN-20-00-DJL-011,72,,900086348,N152313535,1805237794,N1381624540,INSERVICE,NBN,Underground,,,,,,,N,N1381960366,,
4RBN-20-00-DSS-012,,,1,FIBRE,DSS,710.1,DSS_CORNING_72_RIBBON,4RBN-20-00-DJL-008,4RBN-20-00-DJL-012,72,,1803864525,N1381630863,1803676588,N1381628247,INSERVICE,NBN,Underground,,,,,,,N,N1381959170,,
4RBN-20-00-DSS-015,,,1,FIBRE,DSS,66.5,DSS_CORNING_12_RIBBON,4RBN-20-00-DJL-004,4RBN-20-03-MPT-001,12,,1804596029,N1381623300,15014826827,N1381627757,INSERVICE,NBN,Underground,,,,,,,N,N1381962531,,
4RBN-20-00-DSS-016,,,1,FIBRE,DSS,66.5,DSS_CORNING_12_RIBBON,4RBN-20-00-DJL-004,4RBN-20-04-MPT-001,12,,1804596029,N1381623300,15014826827,N1381627757,INSERVICE,NBN,Underground,,,,,,,N,N1381962010,,
4RBN-20-00-DSS-017,,,1,FIBRE,DSS,249,DSS_CORNING_12_RIBBON,4RBN-20-00-DJL-005,4RBN-20-05-MPT-001,12,,4RBN-20-05-PIT-004,N1792954618,4RBN-20-05-PIT-005,N1381630693,INSERVICE,NBN,Underground,,,,,,,N,N1381963701,,
4RBN-20-00-DSS-018,,,1,FIBRE,DSS,226.2,DSS_CORNING_12_RIBBON,4RBN-20-00-DJL-005,4RBN-20-06-MPT-001,12,,4RBN-20-05-PIT-004,N1792954618,4RBN-20-06-PIT-003,N1381627042,INSERVICE,NBN,Underground,,,,,,,N,N1381963526,,
4RBN-20-00-DSS-019,,,1,FIBRE,DSS,288.4,DSS_CORNING_12_RIBBON,4RBN-20-00-DJL-005,4RBN-20-08-MPT-001,12,,4RBN-20-05-PIT-004,N1792954618,4RBN-20-08-PIT-002,N1381626344,INSERVICE,NBN,Underground,,,,,,,N,N1381962340,,
4RBN-20-00-DSS-023,,,1,FIBRE,DSS,120.5,DSS_CORNING_12_RIBBON,4RBN-20-00-DJL-008,4RBN-20-14-MPT-001,12,,1803864525,N1381630863,15037197634,N1381630954,INSERVICE,NBN,Underground,,,,,,,N,N1381966379,,
4RBN-20-00-DSS-024,,,1,FIBRE,DSS,233.6,DSS_CORNING_12_RIBBON,4RBN-20-00-DJL-008,4RBN-20-15-MPT-001,12,,1803864525,N1381630863,4RBN-20-15-PIT-003,N1381628444,INSERVICE,NBN,Underground,,,,,,,N,N1381969304,,
4RBN-20-00-DSS-025,,,1,FIBRE,DSS,173.5,DSS_CORNING_12_RIBBON,4RBN-20-00-DJL-008,4RBN-20-16-MPT-001,12,,1803864525,N1381630863,4RBN-20-16-PIT-003,N1381632323,INSERVICE,NBN,Underground,,,,,,,N,N1381963799,,
4RBN-20-00-DSS-030,,,1,FIBRE,DSS,665.8,DSS_CORNING_12_RIBBON,4RBN-20-00-DJL-012,4RBN-20-21-MPT-001,12,,1803676588,N1381628247,4RBN-20-21-PIT-002,N1381626429,INSERVICE,NBN,Underground,,,,,,,N,N1381964659,,
4RBN-20-00-DSS-031,,,1,FIBRE,DSS,436.5,DSS_CORNING_12_RIBBON,4RBN-20-00-DJL-005,4RBN-20-05-MPT-002,12,,4RBN-20-05-PIT-004,N1792954618,1805387185,N1381622030,INSERVICE,NBN,Underground,,,,,,,N,N1382327985,,
4RBN-20-00-DSS-202,,,1,FIBRE,DSS,2028.5,DSS_PRYS_72_RIBBON_V2,,4RBN-20-00-DJL-202,72,,900086450,N152313530,900086159,N152313548,INSERVICE,NBN,Underground,,,,,,,N,N1296604226,,
4RBN-20-00-DSS-203,,,1,FIBRE,DSS,927.5,DSS_PRYS_72_RIBBON_V2,4RBN-20-00-DJL-202,4RBN-20-00-DJL-203,72,,900086159,N152313548,1804830622,N296917343,INSERVICE,NBN,Underground,,,,,,,N,N1309930950,,
4RBN-20-03-FSD-601,,,1,FIBRE,FSD,60.8,FSD_PRYS_72_RIBBON,4RBN-20-00-DJL-004,4RBN-20-03-FJL-601,72,,1804596029,N1381623300,1804596030,N1381626811,CONSTRUCTED,NBN,Underground,,,,,,,N,N2643941491,N2P-MOD,FINANCE-N2P
4RBN-20-03-FSL-602,,,1,FIBRE,FSL,179.2,FSL_TYCO_12_LOOSE,4RBN-20-03-FJL-601,4RBN-20-03-BJL-602,12,,1804596030,N1381626811,1804596035,N1802043272,CONSTRUCTED,NBN,Underground,,,,,,,N,N2644441471,,
4RBN-20-03-FSL-603,,,1,FIBRE,FSL,0,FSL_TYCO_12_LOOSE,4RBN-20-03-FJL-601,9.00E+17,12,,1804596030,N1381626811,15020292992,N1802051772,PLANNED,NBN,Underground,,,,,,,N,N2644452736,,
4RBN-20-03-FSL-604,,,1,FIBRE,FSL,0,FSL_TYCO_12_LOOSE,4RBN-20-03-FJL-601,9.00E+17,12,,1804596030,N1381626811,4RBN-20-03-NEC-002,N1895745101,PLANNED,NBN,Underground,,,,,,,N,N2644468592,,
4RBN-20-03-FSL-605,,,1,FIBRE,FSL,0,FSL_TYCO_12_LOOSE,4RBN-20-03-FJL-601,9.00E+17,12,,1804596030,N1381626811,1804596029,N1381623300,PLANNED,NBN,Underground,,,,,,,N,N2644477001,,
4RBN-20-03-FSL-606,,,1,FIBRE,FSL,0,FSL_TYCO_12_LOOSE,4RBN-20-03-FJL-601,9.00E+17,12,,1804596030,N1381626811,1805151122,N1802053924,PLANNED,NBN,Underground,,,,,,,N,N2644487296,,
4RBN-20-03-FSL-607,,,1,FIBRE,FSL,0,FSL_TYCO_12_LOOSE,4RBN-20-03-FJL-601,9.00E+17,12,,1804596030,N1381626811,1804596034,N1381625355,PLANNED,NBN,Underground,,,,,,,N,N2644509790,,
4RBN-20-05-FSD-600,,,1,FIBRE,FSD,193.2,FSD_PRYS_72_RIBBON,4RBN-20-00-DJL-005,4RBN-20-05-FJL-600,72,,4RBN-20-05-PIT-004,N1792954618,1804523666,N1381624172,CONSTRUCTED,NBN,Underground,,,,,,,N,N2634706236,,
4RBN-20-05-FSL-600,,,1,FIBRE,FSL,66.2,FSL_TYCO_12_LOOSE,4RBN-20-05-FJL-600,4RBN-20-05-BJL-600,12,,1804523666,N1381624172,1804521551,N152313551,CONSTRUCTED,NBN,Underground,,,,,,,N,N2634764729,,
4RBN-20-05-FSL-601,,,1,FIBRE,FSL,84.4,FSL_TYCO_12_LOOSE,4RBN-20-05-BJL-600,4RBN-20-05-BJL-601,12,,1804521551,N152313551,1804620509,N1381625357,CONSTRUCTED,NBN,Underground,,,,,,,N,N2634714677,,
4RBN-20-05-FSL-602,,,1,FIBRE,FSL,0,FSL_TYCO_12_LOOSE,4RBN-20-05-FJL-600,9.00E+17,12,,1804523666,N1381624172,15021720214,N1381626140,PLANNED,NBN,Underground,,,,,,,N,N2634729789,,
4RBN-20-05-FSL-603,,,1,FIBRE,FSL,265.6,FSL_TYCO_12_LOOSE,4RBN-20-05-FJL-600,4RBN-20-05-BJL-603,12,,1804523666,N1381624172,1804638851,N1802052408,CONSTRUCTED,NBN,Underground,,,,,,,N,N2634772450,,
4RBN-20-05-FSL-604,,,1,FIBRE,FSL,193.2,FSL_TYCO_12_LOOSE,4RBN-20-05-FJL-600,4RBN-20-05-BJL-604,12,,1804523666,N1381624172,1804521548,N152313550,CONSTRUCTED,NBN,Underground,,,,,,,N,N2634780529,,
4RBN-20-05-FSL-605,,,1,FIBRE,FSL,0,FSL_TYCO_12_LOOSE,4RBN-20-05-FJL-600,9.00E+17,12,,1804523666,N1381624172,1804523667,N1381625725,PLANNED,NBN,Underground,,,,,,,N,N2634789719,,
4RBN-20-05-HSD-001,,,1,FIBRE,HSD,4.5,HSD_CORNING_12_RIBBON,4RBN-20-05-MPT-001,9.00E+17,12,,4RBN-20-05-PIT-005,N1381630693,4RBN-20-05-NEC-001,N1381625160,INSERVICE,NBN,Underground,,,,,,,N,N1381960822,,
4RBN-20-05-HSD-002,,,1,FIBRE,HSD,115,HSD_CORNING_12_RIBBON,4RBN-20-05-MPT-002,9.00E+17,12,,1805387185,N1381622030,15021720214,N1381626140,INSERVICE,NBN,Underground,,,,,,,N,N1381969193,,
4RBN-20-05-SSS-604,,,1,FIBRE,SSS,0,SSS_TYCO_HDC_1F,4RBN-20-05-BJL-601,4RBN-20-05-SMP-604,1,,1804620509,N1381625357,1804620527,N1802051226,PLANNED,NBN,Underground,,,,,,,N,N2634825836,,
4RBN-20-05-SSS-605,,,1,FIBRE,SSS,0,SSS_TYCO_HDC_1F,4RBN-20-05-BJL-601,4RBN-20-05-SMP-605,1,,1804620509,N1381625357,1804620527,N1802051226,PLANNED,NBN,Underground,,,,,,,N,N2634827797,,
4RBN-20-05-SSS-606,,,1,FIBRE,SSS,0,SSS_TYCO_HDC_1F,4RBN-20-05-BJL-601,4RBN-20-05-SMP-606,1,,1804620509,N1381625357,1801605302,N1381624425,PLANNED,NBN,Underground,,,,,,,N,N2635046595,,
4RBN-20-05-SSS-607,,,1,FIBRE,SSS,0,SSS_TYCO_HDC_1F,4RBN-20-05-BJL-601,4RBN-20-05-SMP-607,1,,1804620509,N1381625357,1805387185,N1381622030,PLANNED,NBN,Underground,,,,,,,N,N2635103636,,
4RBN-20-05-SSS-608,,,1,FIBRE,SSS,0,SSS_TYCO_HDC_1F,4RBN-20-05-BJL-604,4RBN-20-05-SMP-608,1,,1804521548,N152313550,1804747642,N1381623762,PLANNED,NBN,Underground,,,,,,,N,N2635436072,,
4RBN-20-05-SSS-609,,,1,FIBRE,SSS,0,SSS_TYCO_HDC_1F,4RBN-20-05-BJL-604,4RBN-20-05-SMP-609,1,,1804521548,N152313550,1804747642,N1381623762,PLANNED,NBN,Underground,,,,,,,N,N2635437608,,
4RBN-20-05-SSS-610,,,1,FIBRE,SSS,0,SSS_TYCO_HDC_1F,4RBN-20-05-BJL-604,4RBN-20-05-SMP-610,1,,1804521548,N152313550,15003686725,N1802044983,PLANNED,NBN,Underground,,,,,,,N,N2635458763,,
4RBN-20-05-SSS-611,,,1,FIBRE,SSS,0,SSS_TYCO_HDC_1F,4RBN-20-05-BJL-603,4RBN-20-05-SMP-611,1,,1804638851,N1802052408,1804553804,N1381623766,PLANNED,NBN,Underground,,,,,,,N,N2635341521,,
4RBN-20-05-SSS-612,,,1,FIBRE,SSS,0,SSS_TYCO_HDC_1F,4RBN-20-05-BJL-603,4RBN-20-05-SMP-612,1,,1804638851,N1802052408,1804553808,N1381625266,PLANNED,NBN,Underground,,,,,,,N,N2635373501,,
4RBN-20-05-SSS-613,,,1,FIBRE,SSS,0,SSS_TYCO_HDC_1F,4RBN-20-05-BJL-603,4RBN-20-05-SMP-613,1,,1804638851,N1802052408,1804553808,N1381625266,PLANNED,NBN,Underground,,,,,,,N,N2635378019,,
4RBN-20-16-FSL-301,,,1,FIBRE,FSL,355.8,FSL_CORNING_12_LOOSE,4RBN-20-16-BJL-001,4RBN-20-16-BJL-301,12,,15003333631,N1802044920,1805370684,N1802048271,INSERVICE,NBN,Underground,,,,,,,N,N3922365414,,
4RBN-20-50-HSD-001,,,1,FIBRE,HSD,107.7,HSD_PRYS_72_RIBBON_V2,4RBN-20-00-DJL-202,4RBN-20-05-AJL-001,72,,900086159,N152313548,,,INSERVICE,NBN,Underground,,,,,,,N,N1297902251,,
4RBN-20-51-HSD-001,,,1,FIBRE,HSD,162.8,HSD_CORNING_72_RIBBON_V2,4RBN-20-00-DJL-203,,72,,1804830622,N296917343,4RBN-20-13-NEC-001,N1649417296,INSERVICE,NBN,Underground,,,,,,,N,N1310256378,,
4RBN-52-00-HSD-101,,,1,FIBRE,HSD,427.3,HSD_TYCO_12_RIBBON_EXT_UG,4RBN-52-00-DJL-101,9.00E+17,12,,1804268116,N152313545,,,INSERVICE,NBN,Underground,,,,,,,N,N754158493,,
9.00E+17,,,1,FIBRE,SDS,209.7,SDS_CORNING_1_ROC,4RBN-20-17-SMP-001,9.00E+17,1,,15010034178,N1802050467,9.00E+17,N3419024210,INSERVICE,NBN,Underground,,,,,,,N,N3373089151,,
4RBN-20-00-DSS-013,,,1,FIBRE,DSS,114.1,DSS_CORNING_12_RIBBON,4RBN-20-00-DJL-002,4RBN-20-01-MPT-001,12,,1804163911,N296918373,1804163889,N1381629524,INSERVICE,NBN,Underground,,,,,,,N,N1381962212,,
4RBN-20-01-SSS-650,,,1,FIBRE,SSS,43.4,SSS_CORNING_1_ROC,4RBN-20-01-BJL-644,4RBN-20-01-SMP-650,1,,1804165629,N1802044155,1804165632,N1802045591,PLANNED,NBN,Underground,,,,,,,N,,N2P-NEW,FINANCE-N2P
4RBN-20-01-FSL-643,,,1,FIBRE,FSL,151.6,FSL_CORNING_12_LOOSE,4RBN-20-01-FJL-301,4RBN-20-01-BJL-643,12,,1804163889,N1381629524,1804164368,N1802044807,PLANNED,NBN,Underground,,,,,,,N,,N2P-NEW,FINANCE-N2P
4RBN-20-01-SSS-651,,,1,FIBRE,SSS,67.7,SSS_CORNING_1_ROC,4RBN-20-01-BJL-643,4RBN-20-01-SMP-651,1,,1804164368,N1802044807,1804164191,N1802042828,PLANNED,NBN,Underground,,,,,,,N,,N2P-NEW,FINANCE-N2P
4RBN-20-01-SSS-652,,,1,FIBRE,SSS,20,SSS_CORNING_1_ROC,4RBN-20-01-BJL-643,4RBN-20-01-SMP-652,1,,1804164368,N1802044807,1804164368,N1802044807,PLANNED,NBN,Underground,,,,,,,N,,N2P-NEW,FINANCE-N2P
4RBN-20-01-SSS-653,,,1,FIBRE,SSS,125.3,SSS_CORNING_1_ROC,4RBN-20-01-BJL-643,4RBN-20-01-SMP-653,1,,1804164368,N1802044807,1804164400,N1802044477,PLANNED,NBN,Underground,,,,,,,N,,N2P-NEW,FINANCE-N2P
4RBN-20-01-FSL-645,,,1,FIBRE,FSL,325.2,FSL_CORNING_12_LOOSE,4RBN-20-01-FJL-301,4RBN-20-01-BJL-645,12,,1804163889,N1381629524,1804172204,N1802053505,PLANNED,NBN,Underground,,,,,,,N,,N2P-NEW,FINANCE-N2P
4RBN-20-01-SSS-660,,,1,FIBRE,SSS,26.5,SSS_CORNING_1_ROC,4RBN-20-01-BJL-646,4RBN-20-01-CAP-643,1,,1804172210,N1802052499,15038411881,N1802053135,PLANNED,NBN,Underground,,,,,,,N,,N2P-NEW,FINANCE-N2P
4RBN-20-01-SSS-661,,,1,FIBRE,SSS,26.5,SSS_CORNING_1_ROC,4RBN-20-01-BJL-646,4RBN-20-01-CAP-644,1,,1804172210,N1802052499,15038411881,N1802053135,PLANNED,NBN,Underground,,,,,,,N,,N2P-NEW,FINANCE-N2P
4RBN-20-01-SSS-662,,,1,FIBRE,SSS,26.5,SSS_CORNING_1_ROC,4RBN-20-01-BJL-646,4RBN-20-01-CAP-645,1,,1804172210,N1802052499,15038411881,N1802053135,PLANNED,NBN,Underground,,,,,,,N,,N2P-NEW,FINANCE-N2P
4RBN-20-01-SSS-654,,,1,FIBRE,SSS,63.8,SSS_CORNING_1_ROC,4RBN-20-01-BJL-641,4RBN-20-01-SMP-654,1,,1804172360,N1802050116,1804172356,N1802051056,PLANNED,NBN,Underground,,,,,,,N,,N2P-NEW,FINANCE-N2P
4RBN-20-01-FSL-646,,,1,FIBRE,FSL,147.3,FSL_CORNING_12_LOOSE,4RBN-20-01-BJL-645,4RBN-20-01-BJL-646,12,,1804172204,N1802053505,1804172210,N1802052499,PLANNED,NBN,Underground,,,,,,,N,,N2P-NEW,FINANCE-N2P
4RBN-20-01-SSS-663,,,1,FIBRE,SSS,309.2,SSS_CORNING_1_ROC,4RBN-20-01-BJL-645,4RBN-20-01-CAP-646,1,,1804172204,N1802053505,1804616958,N1802047588,PLANNED,NBN,Underground,,,,,,,N,,N2P-NEW,FINANCE-N2P
4RBN-20-01-SSS-664,,,1,FIBRE,SSS,309.2,SSS_CORNING_1_ROC,4RBN-20-01-BJL-645,4RBN-20-01-CAP-647,1,,1804172204,N1802053505,1804616958,N1802047588,PLANNED,NBN,Underground,,,,,,,N,,N2P-NEW,FINANCE-N2P
4RBN-20-01-SSS-655,,,1,FIBRE,SSS,62.1,SSS_CORNING_1_ROC,4RBN-20-01-BJL-646,4RBN-20-01-SMP-655,1,,1804172210,N1802052499,1804172206,N1802043218,PLANNED,NBN,Underground,,,,,,,N,,N2P-NEW,FINANCE-N2P
4RBN-20-01-SSS-656,,,1,FIBRE,SSS,161.5,SSS_CORNING_1_ROC,4RBN-20-01-BJL-641,4RBN-20-01-SMP-656,1,,1804172360,N1802050116,1804172348,N1802051755,PLANNED,NBN,Underground,,,,,,,N,,N2P-NEW,FINANCE-N2P
4RBN-20-01-SSS-641,,,1,FIBRE,SSS,20,SSS_CORNING_1_ROC,4RBN-20-01-BJL-642,4RBN-20-01-SMP-641,1,,1805101098,N1802046254,1805101098,N1802046254,PLANNED,NBN,Underground,,,,,,,N,,N2P-NEW,FINANCE-N2P
4RBN-20-01-SSS-642,,,1,FIBRE,SSS,77.8,SSS_CORNING_1_ROC,4RBN-20-01-BJL-642,4RBN-20-01-SMP-642,1,,1805101098,N1802046254,1805101097,N1802043752,PLANNED,NBN,Underground,,,,,,,N,,N2P-NEW,FINANCE-N2P
4RBN-20-01-SSS-643,,,1,FIBRE,SSS,45.1,SSS_CORNING_1_ROC,4RBN-20-01-BJL-642,4RBN-20-01-SMP-643,1,,1805101098,N1802046254,1805101100,N1802051830,PLANNED,NBN,Underground,,,,,,,N,,N2P-NEW,FINANCE-N2P
4RBN-20-01-FSL-642,,,1,FIBRE,FSL,228.7,FSL_CORNING_12_LOOSE,4RBN-20-01-BJL-641,4RBN-20-01-BJL-642,12,,1804172360,N1802050116,1805101098,N1802046254,PLANNED,NBN,Underground,,,,,,,N,,N2P-NEW,FINANCE-N2P
4RBN-20-01-SSS-644,,,1,FIBRE,SSS,83,SSS_CORNING_1_ROC,4RBN-20-01-BJL-641,4RBN-20-01-SMP-644,1,,1804172360,N1802050116,1805101105,N1802051705,PLANNED,NBN,Underground,,,,,,,N,,N2P-NEW,FINANCE-N2P
4RBN-20-01-SSS-645,,,1,FIBRE,SSS,85.7,SSS_CORNING_1_ROC,4RBN-20-01-BJL-642,4RBN-20-01-SMP-645,1,,1805101098,N1802046254,1805101101,N1802050545,PLANNED,NBN,Underground,,,,,,,N,,N2P-NEW,FINANCE-N2P
4RBN-20-01-SSS-646,,,1,FIBRE,SSS,115.6,SSS_CORNING_1_ROC,4RBN-20-01-BJL-641,4RBN-20-01-SMP-646,1,,1804172360,N1802050116,1805101102,N1802051335,PLANNED,NBN,Underground,,,,,,,N,,N2P-NEW,FINANCE-N2P
4RBN-20-01-FSL-644,,,1,FIBRE,FSL,253.1,FSL_CORNING_12_LOOSE,4RBN-20-01-BJL-643,4RBN-20-01-BJL-644,12,,1804164368,N1802044807,1804165629,N1802044155,PLANNED,NBN,Underground,,,,,,,N,,N2P-NEW,FINANCE-N2P
4RBN-20-01-SSS-647,,,1,FIBRE,SSS,61,SSS_CORNING_1_ROC,4RBN-20-01-BJL-644,4RBN-20-01-SMP-647,1,,1804165629,N1802044155,1804164203,N1802050403,PLANNED,NBN,Underground,,,,,,,N,,N2P-NEW,FINANCE-N2P
4RBN-20-01-SSS-648,,,1,FIBRE,SSS,20,SSS_CORNING_1_ROC,4RBN-20-01-BJL-645,4RBN-20-01-SMP-648,1,,1804172204,N1802053505,1804172204,N1802053505,PLANNED,NBN,Underground,,,,,,,N,,N2P-NEW,FINANCE-N2P
4RBN-20-01-SSS-649,,,1,FIBRE,SSS,295,SSS_CORNING_1_ROC,4RBN-20-01-BJL-643,4RBN-20-01-SMP-649,1,,1804164368,N1802044807,1804164419,N1802046760,PLANNED,NBN,Underground,,,,,,,N,,N2P-NEW,FINANCE-N2P
4RBN-20-01-SSS-658,,,1,FIBRE,SSS,94.5,SSS_CORNING_1_ROC,4RBN-20-01-BJL-644,4RBN-20-01-CAP-641,1,,1804165629,N1802044155,1804621973,N1802051391,PLANNED,NBN,Underground,,,,,,,N,,N2P-NEW,FINANCE-N2P
4RBN-20-01-SSS-659,,,1,FIBRE,SSS,94.5,SSS_CORNING_1_ROC,4RBN-20-01-BJL-644,4RBN-20-01-CAP-642,1,,1804165629,N1802044155,1804621973,N1802051391,PLANNED,NBN,Underground,,,,,,,N,,N2P-NEW,FINANCE-N2P
4RBN-20-01-SDS-795,,,1,FIBRE,SDS,84.1,SDS_CORNING_1_ROC,4RBN-20-01-SMP-648,4RBN-20-01-PCD-795,1,,1804172204,N1802053505,1804172417,N1802044328,PLANNED,NBN,Underground,,,,,,,N,,N2P-NEW,FINANCE-N2P
4RBN-20-01-SDS-796,,,1,FIBRE,SDS,26,SDS_CORNING_1_ROC,4RBN-20-01-SMP-655,4RBN-20-01-PCD-796,1,,1804172206,N1802043218,1804172426,N1802050749,PLANNED,NBN,Underground,,,,,,,N,,N2P-NEW,FINANCE-N2P
4RBN-20-01-SDS-797,,,1,FIBRE,SDS,62.1,SDS_CORNING_1_ROC,4RBN-20-01-SMP-655,4RBN-20-01-PCD-797,1,,1804172206,N1802043218,1804172413,N1802043318,PLANNED,NBN,Underground,,,,,,,N,,N2P-NEW,FINANCE-N2P
4RBN-20-01-SDS-798,,,1,FIBRE,SDS,76.1,SDS_CORNING_1_ROC,4RBN-20-01-SMP-655,4RBN-20-01-PCD-798,1,,1804172206,N1802043218,1804172418,N1802049206,PLANNED,NBN,Underground,,,,,,,N,,N2P-NEW,FINANCE-N2P
4RBN-20-01-SDS-799,,,1,FIBRE,SDS,62.1,SDS_CORNING_1_ROC,4RBN-20-01-SMP-655,4RBN-20-01-PCD-799,1,,1804172206,N1802043218,1804172412,N1802045230,PLANNED,NBN,Underground,,,,,,,N,,N2P-NEW,FINANCE-N2P
4RBN-20-01-SDS-800,,,1,FIBRE,SDS,14.5,SDS_CORNING_1_ROC,4RBN-20-01-SMP-648,4RBN-20-01-PCD-800,1,,1804172204,N1802053505,1804172411,N1802044984,PLANNED,NBN,Underground,,,,,,,N,,N2P-NEW,FINANCE-N2P
4RBN-20-01-SDS-801,,,1,FIBRE,SDS,37.5,SDS_CORNING_1_ROC,4RBN-20-01-SMP-648,4RBN-20-01-PCD-801,1,,1804172204,N1802053505,1804172416,N1802044074,PLANNED,NBN,Underground,,,,,,,N,,N2P-NEW,FINANCE-N2P
4RBN-20-01-SDS-802,,,1,FIBRE,SDS,64.2,SDS_CORNING_1_ROC,4RBN-20-01-SMP-656,4RBN-20-01-PCD-802,1,,1804172348,N1802051755,1804172639,N1802053352,PLANNED,NBN,Underground,,,,,,,N,,N2P-NEW,FINANCE-N2P
4RBN-20-01-SDS-803,,,1,FIBRE,SDS,20.3,SDS_CORNING_1_ROC,4RBN-20-01-SMP-656,4RBN-20-01-PCD-803,1,,1804172348,N1802051755,1804172420,N1802048066,PLANNED,NBN,Underground,,,,,,,N,,N2P-NEW,FINANCE-N2P
4RBN-20-01-SDS-804,,,1,FIBRE,SDS,20.3,SDS_CORNING_1_ROC,4RBN-20-01-SMP-655,4RBN-20-01-PCD-804,1,,1804172206,N1802043218,1804172427,N1802050343,PLANNED,NBN,Underground,,,,,,,N,,N2P-NEW,FINANCE-N2P
4RBN-20-01-SDS-805,,,1,FIBRE,SDS,94.1,SDS_CORNING_1_ROC,4RBN-20-01-SMP-656,4RBN-20-01-PCD-805,1,,1804172348,N1802051755,1804172433,N1802045131,PLANNED,NBN,Underground,,,,,,,N,,N2P-NEW,FINANCE-N2P
4RBN-20-01-SDS-806,,,1,FIBRE,SDS,36,SDS_CORNING_1_ROC,4RBN-20-01-SMP-656,4RBN-20-01-PCD-806,1,,1804172348,N1802051755,1804172429,N1802051215,PLANNED,NBN,Underground,,,,,,,N,,N2P-NEW,FINANCE-N2P
4RBN-20-01-SDS-807,,,1,FIBRE,SDS,191.1,SDS_CORNING_1_ROC,4RBN-20-01-SMP-656,4RBN-20-01-PCD-807,1,,1804172348,N1802051755,1804172434,N1802047029,PLANNED,NBN,Underground,,,,,,,N,,N2P-NEW,FINANCE-N2P
4RBN-20-01-SDS-808,,,1,FIBRE,SDS,33.5,SDS_CORNING_1_ROC,4RBN-20-01-SMP-655,4RBN-20-01-PCD-808,1,,1804172206,N1802043218,1804172428,N1802051582,PLANNED,NBN,Underground,,,,,,,N,,N2P-NEW,FINANCE-N2P
4RBN-20-01-SDS-809,,,1,FIBRE,SDS,55,SDS_CORNING_1_ROC,4RBN-20-01-SMP-655,4RBN-20-01-PCD-809,1,,1804172206,N1802043218,1804172419,N1802053456,PLANNED,NBN,Underground,,,,,,,N,,N2P-NEW,FINANCE-N2P
4RBN-20-01-SDS-641,,,1,FIBRE,SDS,43.2,SDS_CORNING_1_ROC,4RBN-20-01-SMP-641,4RBN-20-01-PCD-641,1,,1805101098,N1802046254,1805101425,N1802049645,PLANNED,NBN,Underground,,,,,,,N,,N2P-NEW,FINANCE-N2P
4RBN-20-01-SDS-643,,,1,FIBRE,SDS,43.2,SDS_CORNING_1_ROC,4RBN-20-01-SMP-641,4RBN-20-01-PCD-643,1,,1805101098,N1802046254,1805101425,N1802049645,PLANNED,NBN,Underground,,,,,,,N,,N2P-NEW,FINANCE-N2P
4RBN-20-01-SDS-644,,,1,FIBRE,SDS,20.3,SDS_CORNING_1_ROC,4RBN-20-01-SMP-643,4RBN-20-01-PCD-644,1,,1805101100,N1802051830,1805101423,N1802046821,PLANNED,NBN,Underground,,,,,,,N,,N2P-NEW,FINANCE-N2P
4RBN-20-01-SDS-645,,,1,FIBRE,SDS,43.2,SDS_CORNING_1_ROC,4RBN-20-01-SMP-641,4RBN-20-01-PCD-645,1,,1805101098,N1802046254,4RBN-20-01-NEC-674,,PLANNED,NBN,Underground,,,,,,,N,,N2P-NEW,FINANCE-N2P
4RBN-20-01-SDS-647,,,1,FIBRE,SDS,43.2,SDS_CORNING_1_ROC,4RBN-20-01-SMP-641,4RBN-20-01-PCD-647,1,,1805101098,N1802046254,4RBN-20-01-NEC-674,,PLANNED,NBN,Underground,,,,,,,N,,N2P-NEW,FINANCE-N2P
4RBN-20-01-SDS-648,,,1,FIBRE,SDS,20.3,SDS_CORNING_1_ROC,4RBN-20-01-SMP-641,4RBN-20-01-PCD-648,1,,1805101098,N1802046254,1805101422,N1802046342,PLANNED,NBN,Underground,,,,,,,N,,N2P-NEW,FINANCE-N2P
4RBN-20-01-SDS-649,,,1,FIBRE,SDS,52.5,SDS_CORNING_1_ROC,4RBN-20-01-SMP-642,4RBN-20-01-PCD-649,1,,1805101097,N1802043752,1805101418,N1802045207,PLANNED,NBN,Underground,,,,,,,N,,N2P-NEW,FINANCE-N2P
4RBN-20-01-SDS-651,,,1,FIBRE,SDS,52.5,SDS_CORNING_1_ROC,4RBN-20-01-SMP-642,4RBN-20-01-PCD-651,1,,1805101097,N1802043752,1805101419,N1802044922,PLANNED,NBN,Underground,,,,,,,N,,N2P-NEW,FINANCE-N2P
4RBN-20-01-SDS-652,,,1,FIBRE,SDS,20.3,SDS_CORNING_1_ROC,4RBN-20-01-SMP-642,4RBN-20-01-PCD-652,1,,1805101097,N1802043752,1805101417,N1802044539,PLANNED,NBN,Underground,,,,,,,N,,N2P-NEW,FINANCE-N2P
4RBN-20-01-SDS-653,,,1,FIBRE,SDS,14.5,SDS_CORNING_1_ROC,4RBN-20-01-SMP-641,4RBN-20-01-PCD-653,1,,1805101098,N1802046254,1805101421,N1802047639,PLANNED,NBN,Underground,,,,,,,N,,N2P-NEW,FINANCE-N2P
4RBN-20-01-SDS-654,,,1,FIBRE,SDS,20.3,SDS_CORNING_1_ROC,4RBN-20-01-SMP-642,4RBN-20-01-PCD-654,1,,1805101097,N1802043752,1805101416,N1802043402,PLANNED,NBN,Underground,,,,,,,N,,N2P-NEW,FINANCE-N2P
4RBN-20-01-SDS-655,,,1,FIBRE,SDS,60.5,SDS_CORNING_1_ROC,4RBN-20-01-SMP-642,4RBN-20-01-PCD-655,1,,1805101097,N1802043752,1805101420,N1802047197,PLANNED,NBN,Underground,,,,,,,N,,N2P-NEW,FINANCE-N2P
4RBN-20-01-SDS-657,,,1,FIBRE,SDS,43.2,SDS_CORNING_1_ROC,4RBN-20-01-SMP-643,4RBN-20-01-PCD-657,1,,1805101100,N1802051830,1805101428,N1802044287,PLANNED,NBN,Underground,,,,,,,N,,N2P-NEW,FINANCE-N2P
4RBN-20-01-SDS-658,,,1,FIBRE,SDS,43.2,SDS_CORNING_1_ROC,4RBN-20-01-SMP-643,4RBN-20-01-PCD-658,1,,1805101100,N1802051830,1805101428,N1802044287,PLANNED,NBN,Underground,,,,,,,N,,N2P-NEW,FINANCE-N2P
4RBN-20-01-SDS-659,,,1,FIBRE,SDS,20.3,SDS_CORNING_1_ROC,4RBN-20-01-SMP-643,4RBN-20-01-PCD-659,1,,1805101100,N1802051830,1805101424,N1802049184,PLANNED,NBN,Underground,,,,,,,N,,N2P-NEW,FINANCE-N2P
4RBN-20-01-SDS-660,,,1,FIBRE,SDS,43.2,SDS_CORNING_1_ROC,4RBN-20-01-SMP-643,4RBN-20-01-PCD-660,1,,1805101100,N1802051830,1805101427,N1802048642,PLANNED,NBN,Underground,,,,,,,N,,N2P-NEW,FINANCE-N2P
4RBN-20-01-SDS-661,,,1,FIBRE,SDS,43.2,SDS_CORNING_1_ROC,4RBN-20-01-SMP-643,4RBN-20-01-PCD-661,1,,1805101100,N1802051830,1805101427,N1802048642,PLANNED,NBN,Underground,,,,,,,N,,N2P-NEW,FINANCE-N2P
4RBN-20-01-SDS-663,,,1,FIBRE,SDS,20.3,SDS_CORNING_1_ROC,4RBN-20-01-SMP-645,4RBN-20-01-PCD-663,1,,1805101101,N1802050545,1805101433,N1802050511,PLANNED,NBN,Underground,,,,,,,N,,N2P-NEW,FINANCE-N2P
4RBN-20-01-SDS-664,,,1,FIBRE,SDS,39.2,SDS_CORNING_1_ROC,4RBN-20-01-SMP-644,4RBN-20-01-PCD-664,1,,1805101105,N1802051705,1805101445,N1802049596,PLANNED,NBN,Underground,,,,,,,N,,N2P-NEW,FINANCE-N2P
4RBN-20-01-SDS-665,,,1,FIBRE,SDS,118,SDS_CORNING_1_ROC,4RBN-20-01-SMP-654,4RBN-20-01-PCD-665,1,,1804172356,N1802051056,1805101443,N1802048511,PLANNED,NBN,Underground,,,,,,,N,,N2P-NEW,FINANCE-N2P
4RBN-20-01-SDS-666,,,1,FIBRE,SDS,20.3,SDS_CORNING_1_ROC,4RBN-20-01-SMP-644,4RBN-20-01-PCD-666,1,,1805101105,N1802051705,1805101442,N1802048113,PLANNED,NBN,Underground,,,,,,,N,,N2P-NEW,FINANCE-N2P
4RBN-20-01-SDS-667,,,1,FIBRE,SDS,54.7,SDS_CORNING_1_ROC,4RBN-20-01-SMP-644,4RBN-20-01-PCD-667,1,,1805101105,N1802051705,1805101438,N1802046463,PLANNED,NBN,Underground,,,,,,,N,,N2P-NEW,FINANCE-N2P
4RBN-20-01-SDS-669,,,1,FIBRE,SDS,56.5,SDS_CORNING_1_ROC,4RBN-20-01-SMP-644,4RBN-20-01-PCD-669,1,,1805101105,N1802051705,1805101444,N1802049150,PLANNED,NBN,Underground,,,,,,,N,,N2P-NEW,FINANCE-N2P
4RBN-20-01-SDS-670,,,1,FIBRE,SDS,56.5,SDS_CORNING_1_ROC,4RBN-20-01-SMP-644,4RBN-20-01-PCD-670,1,,1805101105,N1802051705,1805101444,N1802049150,PLANNED,NBN,Underground,,,,,,,N,,N2P-NEW,FINANCE-N2P
4RBN-20-01-SDS-671,,,1,FIBRE,SDS,54.7,SDS_CORNING_1_ROC,4RBN-20-01-SMP-644,4RBN-20-01-PCD-671,1,,1805101105,N1802051705,1805101437,N1802052199,PLANNED,NBN,Underground,,,,,,,N,,N2P-NEW,FINANCE-N2P
4RBN-20-01-SDS-672,,,1,FIBRE,SDS,20.3,SDS_CORNING_1_ROC,4RBN-20-01-SMP-645,4RBN-20-01-PCD-672,1,,1805101101,N1802050545,1805101434,N1802051760,PLANNED,NBN,Underground,,,,,,,N,,N2P-NEW,FINANCE-N2P
4RBN-20-01-SDS-673,,,1,FIBRE,SDS,43.2,SDS_CORNING_1_ROC,4RBN-20-01-SMP-645,4RBN-20-01-PCD-673,1,,1805101101,N1802050545,4RBN-20-01-NEC-660,,PLANNED,NBN,Underground,,,,,,,N,,N2P-NEW,FINANCE-N2P
4RBN-20-01-SDS-675,,,1,FIBRE,SDS,43.2,SDS_CORNING_1_ROC,4RBN-20-01-SMP-645,4RBN-20-01-PCD-675,1,,1805101101,N1802050545,4RBN-20-01-NEC-660,,PLANNED,NBN,Underground,,,,,,,N,,N2P-NEW,FINANCE-N2P
4RBN-20-01-SDS-676,,,1,FIBRE,SDS,43.2,SDS_CORNING_1_ROC,4RBN-20-01-SMP-645,4RBN-20-01-PCD-676,1,,1805101101,N1802050545,1805101430,N1802050057,PLANNED,NBN,Underground,,,,,,,N,,N2P-NEW,FINANCE-N2P
4RBN-20-01-SDS-678,,,1,FIBRE,SDS,43.2,SDS_CORNING_1_ROC,4RBN-20-01-SMP-645,4RBN-20-01-PCD-678,1,,1805101101,N1802050545,1805101430,N1802050057,PLANNED,NBN,Underground,,,,,,,N,,N2P-NEW,FINANCE-N2P
4RBN-20-01-SDS-679,,,1,FIBRE,SDS,20.3,SDS_CORNING_1_ROC,4RBN-20-01-SMP-646,4RBN-20-01-PCD-679,1,,1805101102,N1802051335,1805101435,N1802051360,PLANNED,NBN,Underground,,,,,,,N,,N2P-NEW,FINANCE-N2P
4RBN-20-01-SDS-681,,,1,FIBRE,SDS,54.7,SDS_CORNING_1_ROC,4RBN-20-01-SMP-646,4RBN-20-01-PCD-681,1,,1805101102,N1802051335,1805101432,N1802050986,PLANNED,NBN,Underground,,,,,,,N,,N2P-NEW,FINANCE-N2P
4RBN-20-01-SDS-682,,,1,FIBRE,SDS,54.7,SDS_CORNING_1_ROC,4RBN-20-01-SMP-646,4RBN-20-01-PCD-682,1,,1805101102,N1802051335,1805101432,N1802050986,PLANNED,NBN,Underground,,,,,,,N,,N2P-NEW,FINANCE-N2P
4RBN-20-01-SDS-683,,,1,FIBRE,SDS,20.3,SDS_CORNING_1_ROC,4RBN-20-01-SMP-646,4RBN-20-01-PCD-683,1,,1805101102,N1802051335,1805101436,N1802052659,PLANNED,NBN,Underground,,,,,,,N,,N2P-NEW,FINANCE-N2P
4RBN-20-01-SDS-684,,,1,FIBRE,SDS,26,SDS_CORNING_1_ROC,4RBN-20-01-SMP-644,4RBN-20-01-PCD-684,1,,1805101105,N1802051705,1805101439,N1802045919,PLANNED,NBN,Underground,,,,,,,N,,N2P-NEW,FINANCE-N2P
4RBN-20-01-SDS-685,,,1,FIBRE,SDS,54.7,SDS_CORNING_1_ROC,4RBN-20-01-SMP-646,4RBN-20-01-PCD-685,1,,1805101102,N1802051335,1805101431,N1802049724,PLANNED,NBN,Underground,,,,,,,N,,N2P-NEW,FINANCE-N2P
4RBN-20-01-SDS-687,,,1,FIBRE,SDS,54.7,SDS_CORNING_1_ROC,4RBN-20-01-SMP-646,4RBN-20-01-PCD-687,1,,1805101102,N1802051335,1805101431,N1802049724,PLANNED,NBN,Underground,,,,,,,N,,N2P-NEW,FINANCE-N2P
4RBN-20-01-SDS-688,,,1,FIBRE,SDS,162.4,SDS_CORNING_1_ROC,4RBN-20-01-SMP-647,4RBN-20-01-PCD-688,1,,1804164203,N1802050403,1804169032,N1802046078,PLANNED,NBN,Underground,,,,,,,N,,N2P-NEW,FINANCE-N2P
4RBN-20-01-SDS-689,,,1,FIBRE,SDS,102.2,SDS_CORNING_1_ROC,4RBN-20-01-SMP-657,4RBN-20-01-PCD-689,1,,1804164212,N1802043242,1804169020,N1802043404,PLANNED,NBN,Underground,,,,,,,N,,N2P-NEW,FINANCE-N2P
4RBN-20-01-SDS-690,,,1,FIBRE,SDS,14.5,SDS_CORNING_1_ROC,4RBN-20-01-SMP-647,4RBN-20-01-PCD-690,1,,1804164203,N1802050403,1804169022,N1802050701,PLANNED,NBN,Underground,,,,,,,N,,N2P-NEW,FINANCE-N2P
4RBN-20-01-SDS-691,,,1,FIBRE,SDS,72,SDS_CORNING_1_ROC,4RBN-20-01-SMP-647,4RBN-20-01-PCD-691,1,,1804164203,N1802050403,1804169024,N1802051568,PLANNED,NBN,Underground,,,,,,,N,,N2P-NEW,FINANCE-N2P
4RBN-20-01-SDS-692,,,1,FIBRE,SDS,102.2,SDS_CORNING_1_ROC,4RBN-20-01-SMP-657,4RBN-20-01-PCD-692,1,,1804164212,N1802043242,1804169021,N1802049520,PLANNED,NBN,Underground,,,,,,,N,,N2P-NEW,FINANCE-N2P
4RBN-20-01-SDS-693,,,1,FIBRE,SDS,72,SDS_CORNING_1_ROC,4RBN-20-01-SMP-647,4RBN-20-01-PCD-693,1,,1804164203,N1802050403,1804169023,N1802050291,PLANNED,NBN,Underground,,,,,,,N,,N2P-NEW,FINANCE-N2P
4RBN-20-01-SDS-694,,,1,FIBRE,SDS,136.4,SDS_CORNING_1_ROC,4RBN-20-01-SMP-647,4RBN-20-01-PCD-694,1,,1804164203,N1802050403,1804169029,N1802045770,PLANNED,NBN,Underground,,,,,,,N,,N2P-NEW,FINANCE-N2P
4RBN-20-01-SDS-695,,,1,FIBRE,SDS,82.3,SDS_CORNING_1_ROC,4RBN-20-01-SMP-657,4RBN-20-01-PCD-695,1,,1804164212,N1802043242,1804169018,N1802046588,PLANNED,NBN,Underground,,,,,,,N,,N2P-NEW,FINANCE-N2P
4RBN-20-01-SDS-696,,,1,FIBRE,SDS,14.5,SDS_CORNING_1_ROC,4RBN-20-01-SMP-657,4RBN-20-01-PCD-696,1,,1804164212,N1802043242,1804172414,N1802043491,PLANNED,NBN,Underground,,,,,,,N,,N2P-NEW,FINANCE-N2P
4RBN-20-01-SDS-697,,,1,FIBRE,SDS,45.3,SDS_CORNING_1_ROC,4RBN-20-01-SMP-648,4RBN-20-01-PCD-697,1,,1804172204,N1802053505,1804172407,N1802047387,PLANNED,NBN,Underground,,,,,,,N,,N2P-NEW,FINANCE-N2P
4RBN-20-01-SDS-698,,,1,FIBRE,SDS,127,SDS_CORNING_1_ROC,4RBN-20-01-SMP-648,4RBN-20-01-PCD-698,1,,1804172204,N1802053505,1804172405,N1802048294,PLANNED,NBN,Underground,,,,,,,N,,N2P-NEW,FINANCE-N2P
4RBN-20-01-SDS-699,,,1,FIBRE,SDS,76.6,SDS_CORNING_1_ROC,4RBN-20-01-SMP-657,4RBN-20-01-PCD-699,1,,1804164212,N1802043242,1804169019,N1802049352,PLANNED,NBN,Underground,,,,,,,N,,N2P-NEW,FINANCE-N2P
4RBN-20-01-SDS-700,,,1,FIBRE,SDS,74.1,SDS_CORNING_1_ROC,4RBN-20-01-SMP-648,4RBN-20-01-PCD-700,1,,1804172204,N1802053505,1804172409,N1802050642,PLANNED,NBN,Underground,,,,,,,N,,N2P-NEW,FINANCE-N2P
4RBN-20-01-SDS-701,,,1,FIBRE,SDS,99.4,SDS_CORNING_1_ROC,4RBN-20-01-SMP-657,4RBN-20-01-PCD-701,1,,1804164212,N1802043242,1804169012,N1802045994,PLANNED,NBN,Underground,,,,,,,N,,N2P-NEW,FINANCE-N2P
4RBN-20-01-SDS-702,,,1,FIBRE,SDS,14.5,SDS_CORNING_1_ROC,4RBN-20-01-SMP-649,4RBN-20-01-PCD-702,1,,1804164419,N1802046760,1804169035,N1802049431,PLANNED,NBN,Underground,,,,,,,N,,N2P-NEW,FINANCE-N2P
4RBN-20-01-SDS-703,,,1,FIBRE,SDS,14.5,SDS_CORNING_1_ROC,4RBN-20-01-SMP-649,4RBN-20-01-PCD-703,1,,1804164419,N1802046760,1804169036,N1802047880,PLANNED,NBN,Underground,,,,,,,N,,N2P-NEW,FINANCE-N2P
4RBN-20-01-SDS-704,,,1,FIBRE,SDS,48.3,SDS_CORNING_1_ROC,4RBN-20-01-SMP-649,4RBN-20-01-PCD-704,1,,1804164419,N1802046760,1804169037,N1802048380,PLANNED,NBN,Underground,,,,,,,N,,N2P-NEW,FINANCE-N2P
4RBN-20-01-SDS-705,,,1,FIBRE,SDS,36.1,SDS_CORNING_1_ROC,4RBN-20-01-SMP-649,4RBN-20-01-PCD-705,1,,1804164419,N1802046760,1804169033,N1802046596,PLANNED,NBN,Underground,,,,,,,N,,N2P-NEW,FINANCE-N2P
4RBN-20-01-SDS-706,,,1,FIBRE,SDS,37.2,SDS_CORNING_1_ROC,4RBN-20-01-SMP-649,4RBN-20-01-PCD-706,1,,1804164419,N1802046760,1804169039,N1802044537,PLANNED,NBN,Underground,,,,,,,N,,N2P-NEW,FINANCE-N2P
4RBN-20-01-SDS-707,,,1,FIBRE,SDS,136.4,SDS_CORNING_1_ROC,4RBN-20-01-SMP-647,4RBN-20-01-PCD-707,1,,1804164203,N1802050403,1804169030,N1802050500,PLANNED,NBN,Underground,,,,,,,N,,N2P-NEW,FINANCE-N2P
4RBN-20-01-SDS-708,,,1,FIBRE,SDS,80,SDS_CORNING_1_ROC,4RBN-20-01-SMP-649,4RBN-20-01-PCD-708,1,,1804164419,N1802046760,1804169038,N1802044166,PLANNED,NBN,Underground,,,,,,,N,,N2P-NEW,FINANCE-N2P
4RBN-20-01-SDS-709,,,1,FIBRE,SDS,36.1,SDS_CORNING_1_ROC,4RBN-20-01-SMP-649,4RBN-20-01-PCD-709,1,,1804164419,N1802046760,1804169034,N1802048837,PLANNED,NBN,Underground,,,,,,,N,,N2P-NEW,FINANCE-N2P
4RBN-20-01-SDS-710,,,1,FIBRE,SDS,20,SDS_CORNING_1_ROC,4RBN-20-01-CAP-641,4RBN-20-01-PCD-710,1,,1804621973,N1802051391,1804621973,N1802051391,PLANNED,NBN,Underground,,,,,,,N,,N2P-NEW,FINANCE-N2P
4RBN-20-01-SDS-711,,,1,FIBRE,SDS,20,SDS_CORNING_1_ROC,4RBN-20-01-CAP-641,4RBN-20-01-PCD-711,1,,1804621973,N1802051391,1804621973,N1802051391,PLANNED,NBN,Underground,,,,,,,N,,N2P-NEW,FINANCE-N2P
4RBN-20-01-SDS-712,,,1,FIBRE,SDS,20,SDS_CORNING_1_ROC,4RBN-20-01-CAP-641,4RBN-20-01-PCD-712,1,,1804621973,N1802051391,1804621973,N1802051391,PLANNED,NBN,Underground,,,,,,,N,,N2P-NEW,FINANCE-N2P
4RBN-20-01-SDS-713,,,1,FIBRE,SDS,20,SDS_CORNING_1_ROC,4RBN-20-01-CAP-641,4RBN-20-01-PCD-713,1,,1804621973,N1802051391,1804621973,N1802051391,PLANNED,NBN,Underground,,,,,,,N,,N2P-NEW,FINANCE-N2P
4RBN-20-01-SDS-714,,,1,FIBRE,SDS,20,SDS_CORNING_1_ROC,4RBN-20-01-CAP-641,4RBN-20-01-PCD-714,1,,1804621973,N1802051391,1804621973,N1802051391,PLANNED,NBN,Underground,,,,,,,N,,N2P-NEW,FINANCE-N2P
4RBN-20-01-SDS-715,,,1,FIBRE,SDS,20,SDS_CORNING_1_ROC,4RBN-20-01-CAP-641,4RBN-20-01-PCD-715,1,,1804621973,N1802051391,1804621973,N1802051391,PLANNED,NBN,Underground,,,,,,,N,,N2P-NEW,FINANCE-N2P
4RBN-20-01-SDS-716,,,1,FIBRE,SDS,20,SDS_CORNING_1_ROC,4RBN-20-01-CAP-641,4RBN-20-01-PCD-716,1,,1804621973,N1802051391,1804621973,N1802051391,PLANNED,NBN,Underground,,,,,,,N,,N2P-NEW,FINANCE-N2P
4RBN-20-01-SDS-717,,,1,FIBRE,SDS,20,SDS_CORNING_1_ROC,4RBN-20-01-CAP-642,4RBN-20-01-PCD-717,1,,1804621973,N1802051391,1804621973,N1802051391,PLANNED,NBN,Underground,,,,,,,N,,N2P-NEW,FINANCE-N2P
4RBN-20-01-SDS-718,,,1,FIBRE,SDS,20,SDS_CORNING_1_ROC,4RBN-20-01-CAP-642,4RBN-20-01-PCD-718,1,,1804621973,N1802051391,1804621973,N1802051391,PLANNED,NBN,Underground,,,,,,,N,,N2P-NEW,FINANCE-N2P
4RBN-20-01-SDS-719,,,1,FIBRE,SDS,20,SDS_CORNING_1_ROC,4RBN-20-01-CAP-642,4RBN-20-01-PCD-719,1,,1804621973,N1802051391,1804621973,N1802051391,PLANNED,NBN,Underground,,,,,,,N,,N2P-NEW,FINANCE-N2P
4RBN-20-01-SDS-720,,,1,FIBRE,SDS,20,SDS_CORNING_1_ROC,4RBN-20-01-CAP-642,4RBN-20-01-PCD-720,1,,1804621973,N1802051391,1804621973,N1802051391,PLANNED,NBN,Underground,,,,,,,N,,N2P-NEW,FINANCE-N2P
4RBN-20-01-SDS-721,,,1,FIBRE,SDS,20,SDS_CORNING_1_ROC,4RBN-20-01-CAP-642,4RBN-20-01-PCD-721,1,,1804621973,N1802051391,1804621973,N1802051391,PLANNED,NBN,Underground,,,,,,,N,,N2P-NEW,FINANCE-N2P
4RBN-20-01-SDS-722,,,1,FIBRE,SDS,20,SDS_CORNING_1_ROC,4RBN-20-01-CAP-642,4RBN-20-01-PCD-722,1,,1804621973,N1802051391,1804621973,N1802051391,PLANNED,NBN,Underground,,,,,,,N,,N2P-NEW,FINANCE-N2P
4RBN-20-01-SDS-723,,,1,FIBRE,SDS,20,SDS_CORNING_1_ROC,4RBN-20-01-CAP-642,4RBN-20-01-PCD-723,1,,1804621973,N1802051391,1804621973,N1802051391,PLANNED,NBN,Underground,,,,,,,N,,N2P-NEW,FINANCE-N2P
4RBN-20-01-SDS-724,,,1,FIBRE,SDS,60.3,SDS_CORNING_1_ROC,4RBN-20-01-SMP-650,4RBN-20-01-PCD-724,1,,1804165632,N1802045591,1804169142,N1802046515,PLANNED,NBN,Underground,,,,,,,N,,N2P-NEW,FINANCE-N2P
4RBN-20-01-SDS-725,,,1,FIBRE,SDS,14.5,SDS_CORNING_1_ROC,4RBN-20-01-SMP-650,4RBN-20-01-PCD-725,1,,1804165632,N1802045591,1804169139,N1802047286,PLANNED,NBN,Underground,,,,,,,N,,N2P-NEW,FINANCE-N2P
4RBN-20-01-SDS-726,,,1,FIBRE,SDS,70.6,SDS_CORNING_1_ROC,4RBN-20-01-SMP-650,4RBN-20-01-PCD-726,1,,1804165632,N1802045591,1804169028,N1802045663,PLANNED,NBN,Underground,,,,,,,N,,N2P-NEW,FINANCE-N2P
4RBN-20-01-SDS-727,,,1,FIBRE,SDS,42.9,SDS_CORNING_1_ROC,4RBN-20-01-SMP-650,4RBN-20-01-PCD-727,1,,1804165632,N1802045591,1804169138,N1802043782,PLANNED,NBN,Underground,,,,,,,N,,N2P-NEW,FINANCE-N2P
4RBN-20-01-SDS-728,,,1,FIBRE,SDS,14.5,SDS_CORNING_1_ROC,4RBN-20-01-SMP-650,4RBN-20-01-PCD-728,1,,1804165632,N1802045591,1804169140,N1802047386,PLANNED,NBN,Underground,,,,,,,N,,N2P-NEW,FINANCE-N2P
4RBN-20-01-SDS-729,,,1,FIBRE,SDS,96.6,SDS_CORNING_1_ROC,4RBN-20-01-SMP-650,4RBN-20-01-PCD-729,1,,1804165632,N1802045591,1804169143,N1802046915,PLANNED,NBN,Underground,,,,,,,N,,N2P-NEW,FINANCE-N2P
4RBN-20-01-SDS-730,,,1,FIBRE,SDS,60.3,SDS_CORNING_1_ROC,4RBN-20-01-SMP-650,4RBN-20-01-PCD-730,1,,1804165632,N1802045591,1804169141,N1802047781,PLANNED,NBN,Underground,,,,,,,N,,N2P-NEW,FINANCE-N2P
4RBN-20-01-SDS-731,,,1,FIBRE,SDS,60.5,SDS_CORNING_1_ROC,4RBN-20-01-SMP-647,4RBN-20-01-PCD-731,1,,1804164203,N1802050403,1804169137,N1802051994,PLANNED,NBN,Underground,,,,,,,N,,N2P-NEW,FINANCE-N2P
4RBN-20-01-SDS-732,,,1,FIBRE,SDS,23.7,SDS_CORNING_1_ROC,4RBN-20-01-SMP-651,4RBN-20-01-PCD-732,1,,1804164191,N1802042828,1804169007,N1802048406,PLANNED,NBN,Underground,,,,,,,N,,N2P-NEW,FINANCE-N2P
4RBN-20-01-SDS-733,,,1,FIBRE,SDS,53.8,SDS_CORNING_1_ROC,4RBN-20-01-SMP-651,4RBN-20-01-PCD-733,1,,1804164191,N1802042828,1804169014,N1802044142,PLANNED,NBN,Underground,,,,,,,N,,N2P-NEW,FINANCE-N2P
4RBN-20-01-SDS-734,,,1,FIBRE,SDS,49.7,SDS_CORNING_1_ROC,4RBN-20-01-SMP-651,4RBN-20-01-PCD-734,1,,1804164191,N1802042828,1804168999,N1802043894,PLANNED,NBN,Underground,,,,,,,N,,N2P-NEW,FINANCE-N2P
4RBN-20-01-SDS-735,,,1,FIBRE,SDS,42.3,SDS_CORNING_1_ROC,4RBN-20-01-SMP-651,4RBN-20-01-PCD-735,1,,1804164191,N1802042828,1804169015,N1802044457,PLANNED,NBN,Underground,,,,,,,N,,N2P-NEW,FINANCE-N2P
4RBN-20-01-SDS-736,,,1,FIBRE,SDS,23.7,SDS_CORNING_1_ROC,4RBN-20-01-SMP-651,4RBN-20-01-PCD-736,1,,1804164191,N1802042828,1804169008,N1802051477,PLANNED,NBN,Underground,,,,,,,N,,N2P-NEW,FINANCE-N2P
4RBN-20-01-SDS-737,,,1,FIBRE,SDS,89.6,SDS_CORNING_1_ROC,4RBN-20-01-SMP-657,4RBN-20-01-PCD-737,1,,1804164212,N1802043242,1804169011,N1802045636,PLANNED,NBN,Underground,,,,,,,N,,N2P-NEW,FINANCE-N2P
4RBN-20-01-SDS-738,,,1,FIBRE,SDS,49.7,SDS_CORNING_1_ROC,4RBN-20-01-SMP-651,4RBN-20-01-PCD-738,1,,1804164191,N1802042828,1804168998,N1802043608,PLANNED,NBN,Underground,,,,,,,N,,N2P-NEW,FINANCE-N2P
4RBN-20-01-SDS-739,,,1,FIBRE,SDS,79.1,SDS_CORNING_1_ROC,4RBN-20-01-SMP-652,4RBN-20-01-PCD-739,1,,1804164368,N1802044807,1804168992,N1802044043,PLANNED,NBN,Underground,,,,,,,N,,N2P-NEW,FINANCE-N2P
4RBN-20-01-SDS-740,,,1,FIBRE,SDS,132.8,SDS_CORNING_1_ROC,4RBN-20-01-SMP-652,4RBN-20-01-PCD-740,1,,1804164368,N1802044807,1804168995,N1802050093,PLANNED,NBN,Underground,,,,,,,N,,N2P-NEW,FINANCE-N2P
4RBN-20-01-SDS-741,,,1,FIBRE,SDS,26,SDS_CORNING_1_ROC,4RBN-20-01-SMP-652,4RBN-20-01-PCD-741,1,,1804164368,N1802044807,1804169002,N1802047024,PLANNED,NBN,Underground,,,,,,,N,,N2P-NEW,FINANCE-N2P
4RBN-20-01-SDS-742,,,1,FIBRE,SDS,67.6,SDS_CORNING_1_ROC,4RBN-20-01-SMP-652,4RBN-20-01-PCD-742,1,,1804164368,N1802044807,1804168993,N1802044973,PLANNED,NBN,Underground,,,,,,,N,,N2P-NEW,FINANCE-N2P
4RBN-20-01-SDS-743,,,1,FIBRE,SDS,87.8,SDS_CORNING_1_ROC,4RBN-20-01-SMP-652,4RBN-20-01-PCD-743,1,,1804164368,N1802044807,1804168997,N1802050875,PLANNED,NBN,Underground,,,,,,,N,,N2P-NEW,FINANCE-N2P
4RBN-20-01-SDS-744,,,1,FIBRE,SDS,87.8,SDS_CORNING_1_ROC,4RBN-20-01-SMP-652,4RBN-20-01-PCD-744,1,,1804164368,N1802044807,1804168996,N1802048721,PLANNED,NBN,Underground,,,,,,,N,,N2P-NEW,FINANCE-N2P
4RBN-20-01-SDS-745,,,1,FIBRE,SDS,67.2,SDS_CORNING_1_ROC,4RBN-20-01-SMP-651,4RBN-20-01-PCD-745,1,,1804164191,N1802042828,1804169003,N1802046634,PLANNED,NBN,Underground,,,,,,,N,,N2P-NEW,FINANCE-N2P
4RBN-20-01-SDS-746,,,1,FIBRE,SDS,14.5,SDS_CORNING_1_ROC,4RBN-20-01-SMP-653,4RBN-20-01-PCD-746,1,,1804164400,N1802044477,1804168986,N1802053296,PLANNED,NBN,Underground,,,,,,,N,,N2P-NEW,FINANCE-N2P
4RBN-20-01-SDS-747,,,1,FIBRE,SDS,46.5,SDS_CORNING_1_ROC,4RBN-20-01-SMP-653,4RBN-20-01-PCD-747,1,,1804164400,N1802044477,1804168985,N1802051858,PLANNED,NBN,Underground,,,,,,,N,,N2P-NEW,FINANCE-N2P
4RBN-20-01-SDS-748,,,1,FIBRE,SDS,52.3,SDS_CORNING_1_ROC,4RBN-20-01-SMP-653,4RBN-20-01-PCD-748,1,,1804164400,N1802044477,1804168990,N1802051378,PLANNED,NBN,Underground,,,,,,,N,,N2P-NEW,FINANCE-N2P
4RBN-20-01-SDS-749,,,1,FIBRE,SDS,46.5,SDS_CORNING_1_ROC,4RBN-20-01-SMP-653,4RBN-20-01-PCD-749,1,,1804164400,N1802044477,1804168984,N1802045479,PLANNED,NBN,Underground,,,,,,,N,,N2P-NEW,FINANCE-N2P
4RBN-20-01-SDS-750,,,1,FIBRE,SDS,88.2,SDS_CORNING_1_ROC,4RBN-20-01-SMP-653,4RBN-20-01-PCD-750,1,,1804164400,N1802044477,1804168988,N1802045473,PLANNED,NBN,Underground,,,,,,,N,,N2P-NEW,FINANCE-N2P
4RBN-20-01-SDS-751,,,1,FIBRE,SDS,69,SDS_CORNING_1_ROC,4RBN-20-01-SMP-653,4RBN-20-01-PCD-751,1,,1804164400,N1802044477,1804168989,N1802045149,PLANNED,NBN,Underground,,,,,,,N,,N2P-NEW,FINANCE-N2P
4RBN-20-01-SDS-752,,,1,FIBRE,SDS,98.5,SDS_CORNING_1_ROC,4RBN-20-01-SMP-652,4RBN-20-01-PCD-752,1,,1804164368,N1802044807,1804168991,N1802051775,PLANNED,NBN,Underground,,,,,,,N,,N2P-NEW,FINANCE-N2P
4RBN-20-01-SDS-753,,,1,FIBRE,SDS,14.5,SDS_CORNING_1_ROC,4RBN-20-01-SMP-653,4RBN-20-01-PCD-753,1,,1804164400,N1802044477,1804168987,N1802048062,PLANNED,NBN,Underground,,,,,,,N,,N2P-NEW,FINANCE-N2P
4RBN-20-01-SDS-754,,,1,FIBRE,SDS,20,SDS_CORNING_1_ROC,4RBN-20-01-CAP-643,4RBN-20-01-PCD-754,1,,15038411881,N1802053135,15038411881,N1802053135,PLANNED,NBN,Underground,,,,,,,N,,N2P-NEW,FINANCE-N2P
4RBN-20-01-SDS-755,,,1,FIBRE,SDS,20,SDS_CORNING_1_ROC,4RBN-20-01-CAP-643,4RBN-20-01-PCD-755,1,,15038411881,N1802053135,15038411881,N1802053135,PLANNED,NBN,Underground,,,,,,,N,,N2P-NEW,FINANCE-N2P
4RBN-20-01-SDS-756,,,1,FIBRE,SDS,20,SDS_CORNING_1_ROC,4RBN-20-01-CAP-643,4RBN-20-01-PCD-756,1,,15038411881,N1802053135,15038411881,N1802053135,PLANNED,NBN,Underground,,,,,,,N,,N2P-NEW,FINANCE-N2P
4RBN-20-01-SDS-757,,,1,FIBRE,SDS,20,SDS_CORNING_1_ROC,4RBN-20-01-CAP-643,4RBN-20-01-PCD-757,1,,15038411881,N1802053135,15038411881,N1802053135,PLANNED,NBN,Underground,,,,,,,N,,N2P-NEW,FINANCE-N2P
4RBN-20-01-SDS-758,,,1,FIBRE,SDS,20,SDS_CORNING_1_ROC,4RBN-20-01-CAP-643,4RBN-20-01-PCD-758,1,,15038411881,N1802053135,15038411881,N1802053135,PLANNED,NBN,Underground,,,,,,,N,,N2P-NEW,FINANCE-N2P
4RBN-20-01-SDS-759,,,1,FIBRE,SDS,20,SDS_CORNING_1_ROC,4RBN-20-01-CAP-643,4RBN-20-01-PCD-759,1,,15038411881,N1802053135,15038411881,N1802053135,PLANNED,NBN,Underground,,,,,,,N,,N2P-NEW,FINANCE-N2P
4RBN-20-01-SDS-760,,,1,FIBRE,SDS,20,SDS_CORNING_1_ROC,4RBN-20-01-CAP-643,4RBN-20-01-PCD-760,1,,15038411881,N1802053135,15038411881,N1802053135,PLANNED,NBN,Underground,,,,,,,N,,N2P-NEW,FINANCE-N2P
4RBN-20-01-SDS-761,,,1,FIBRE,SDS,20,SDS_CORNING_1_ROC,4RBN-20-01-CAP-644,4RBN-20-01-PCD-761,1,,15038411881,N1802053135,15038411881,N1802053135,PLANNED,NBN,Underground,,,,,,,N,,N2P-NEW,FINANCE-N2P
4RBN-20-01-SDS-762,,,1,FIBRE,SDS,20,SDS_CORNING_1_ROC,4RBN-20-01-CAP-644,4RBN-20-01-PCD-762,1,,15038411881,N1802053135,15038411881,N1802053135,PLANNED,NBN,Underground,,,,,,,N,,N2P-NEW,FINANCE-N2P
4RBN-20-01-SDS-763,,,1,FIBRE,SDS,20,SDS_CORNING_1_ROC,4RBN-20-01-CAP-644,4RBN-20-01-PCD-763,1,,15038411881,N1802053135,15038411881,N1802053135,PLANNED,NBN,Underground,,,,,,,N,,N2P-NEW,FINANCE-N2P
4RBN-20-01-SDS-764,,,1,FIBRE,SDS,20,SDS_CORNING_1_ROC,4RBN-20-01-CAP-644,4RBN-20-01-PCD-764,1,,15038411881,N1802053135,15038411881,N1802053135,PLANNED,NBN,Underground,,,,,,,N,,N2P-NEW,FINANCE-N2P
4RBN-20-01-SDS-765,,,1,FIBRE,SDS,20,SDS_CORNING_1_ROC,4RBN-20-01-CAP-644,4RBN-20-01-PCD-765,1,,15038411881,N1802053135,15038411881,N1802053135,PLANNED,NBN,Underground,,,,,,,N,,N2P-NEW,FINANCE-N2P
4RBN-20-01-SDS-766,,,1,FIBRE,SDS,20,SDS_CORNING_1_ROC,4RBN-20-01-CAP-644,4RBN-20-01-PCD-766,1,,15038411881,N1802053135,15038411881,N1802053135,PLANNED,NBN,Underground,,,,,,,N,,N2P-NEW,FINANCE-N2P
4RBN-20-01-SDS-767,,,1,FIBRE,SDS,20,SDS_CORNING_1_ROC,4RBN-20-01-CAP-644,4RBN-20-01-PCD-767,1,,15038411881,N1802053135,15038411881,N1802053135,PLANNED,NBN,Underground,,,,,,,N,,N2P-NEW,FINANCE-N2P
4RBN-20-01-SDS-768,,,1,FIBRE,SDS,20,SDS_CORNING_1_ROC,4RBN-20-01-CAP-645,4RBN-20-01-PCD-768,1,,15038411881,N1802053135,15038411881,N1802053135,PLANNED,NBN,Underground,,,,,,,N,,N2P-NEW,FINANCE-N2P
4RBN-20-01-SDS-769,,,1,FIBRE,SDS,20,SDS_CORNING_1_ROC,4RBN-20-01-CAP-645,4RBN-20-01-PCD-769,1,,15038411881,N1802053135,15038411881,N1802053135,PLANNED,NBN,Underground,,,,,,,N,,N2P-NEW,FINANCE-N2P
4RBN-20-01-SDS-770,,,1,FIBRE,SDS,20,SDS_CORNING_1_ROC,4RBN-20-01-CAP-645,4RBN-20-01-PCD-770,1,,15038411881,N1802053135,15038411881,N1802053135,PLANNED,NBN,Underground,,,,,,,N,,N2P-NEW,FINANCE-N2P
4RBN-20-01-SDS-771,,,1,FIBRE,SDS,20,SDS_CORNING_1_ROC,4RBN-20-01-CAP-645,4RBN-20-01-PCD-771,1,,15038411881,N1802053135,15038411881,N1802053135,PLANNED,NBN,Underground,,,,,,,N,,N2P-NEW,FINANCE-N2P
4RBN-20-01-SDS-772,,,1,FIBRE,SDS,20,SDS_CORNING_1_ROC,4RBN-20-01-CAP-645,4RBN-20-01-PCD-772,1,,15038411881,N1802053135,15038411881,N1802053135,PLANNED,NBN,Underground,,,,,,,N,,N2P-NEW,FINANCE-N2P
4RBN-20-01-SDS-773,,,1,FIBRE,SDS,20,SDS_CORNING_1_ROC,4RBN-20-01-CAP-645,4RBN-20-01-PCD-773,1,,15038411881,N1802053135,15038411881,N1802053135,PLANNED,NBN,Underground,,,,,,,N,,N2P-NEW,FINANCE-N2P
4RBN-20-01-SDS-774,,,1,FIBRE,SDS,70.8,SDS_CORNING_1_ROC,4RBN-20-01-SMP-654,4RBN-20-01-PCD-774,1,,1804172356,N1802051056,1804172431,N1802045732,PLANNED,NBN,Underground,,,,,,,N,,N2P-NEW,FINANCE-N2P
4RBN-20-01-SDS-775,,,1,FIBRE,SDS,85.8,SDS_CORNING_1_ROC,4RBN-20-01-SMP-656,4RBN-20-01-PCD-775,1,,1804172348,N1802051755,1804172425,N1802049547,PLANNED,NBN,Underground,,,,,,,N,,N2P-NEW,FINANCE-N2P
4RBN-20-01-SDS-776,,,1,FIBRE,SDS,40.8,SDS_CORNING_1_ROC,4RBN-20-01-SMP-654,4RBN-20-01-PCD-776,1,,1804172356,N1802051056,1804172423,N1802048501,PLANNED,NBN,Underground,,,,,,,N,,N2P-NEW,FINANCE-N2P
4RBN-20-01-SDS-777,,,1,FIBRE,SDS,40.8,SDS_CORNING_1_ROC,4RBN-20-01-SMP-654,4RBN-20-01-PCD-777,1,,1804172356,N1802051056,1804172422,N1802049101,PLANNED,NBN,Underground,,,,,,,N,,N2P-NEW,FINANCE-N2P
4RBN-20-01-SDS-778,,,1,FIBRE,SDS,73,SDS_CORNING_1_ROC,4RBN-20-01-SMP-654,4RBN-20-01-PCD-778,1,,1804172356,N1802051056,1804172421,N1802047559,PLANNED,NBN,Underground,,,,,,,N,,N2P-NEW,FINANCE-N2P
4RBN-20-01-SDS-779,,,1,FIBRE,SDS,69,SDS_CORNING_1_ROC,4RBN-20-01-SMP-654,4RBN-20-01-PCD-779,1,,1804172356,N1802051056,1804172430,N1802045422,PLANNED,NBN,Underground,,,,,,,N,,N2P-NEW,FINANCE-N2P
4RBN-20-01-SDS-780,,,1,FIBRE,SDS,65.1,SDS_CORNING_1_ROC,4RBN-20-01-SMP-654,4RBN-20-01-PCD-780,1,,1804172356,N1802051056,1804172432,N1802044848,PLANNED,NBN,Underground,,,,,,,N,,N2P-NEW,FINANCE-N2P
4RBN-20-01-SDS-781,,,1,FIBRE,SDS,85.8,SDS_CORNING_1_ROC,4RBN-20-01-SMP-656,4RBN-20-01-PCD-781,1,,1804172348,N1802051755,1804172424,N1802049929,PLANNED,NBN,Underground,,,,,,,N,,N2P-NEW,FINANCE-N2P
4RBN-20-01-SDS-782,,,1,FIBRE,SDS,20,SDS_CORNING_1_ROC,4RBN-20-01-CAP-646,4RBN-20-01-PCD-782,1,,1804616958,N1802047588,1804616958,N1802047588,PLANNED,NBN,Underground,,,,,,,N,,N2P-NEW,FINANCE-N2P
4RBN-20-01-SDS-783,,,1,FIBRE,SDS,20,SDS_CORNING_1_ROC,4RBN-20-01-CAP-646,4RBN-20-01-PCD-783,1,,1804616958,N1802047588,1804616958,N1802047588,PLANNED,NBN,Underground,,,,,,,N,,N2P-NEW,FINANCE-N2P
4RBN-20-01-SDS-784,,,1,FIBRE,SDS,20,SDS_CORNING_1_ROC,4RBN-20-01-CAP-646,4RBN-20-01-PCD-784,1,,1804616958,N1802047588,1804616958,N1802047588,PLANNED,NBN,Underground,,,,,,,N,,N2P-NEW,FINANCE-N2P
4RBN-20-01-SDS-785,,,1,FIBRE,SDS,20,SDS_CORNING_1_ROC,4RBN-20-01-CAP-646,4RBN-20-01-PCD-785,1,,1804616958,N1802047588,1804616958,N1802047588,PLANNED,NBN,Underground,,,,,,,N,,N2P-NEW,FINANCE-N2P
4RBN-20-01-SDS-786,,,1,FIBRE,SDS,20,SDS_CORNING_1_ROC,4RBN-20-01-CAP-646,4RBN-20-01-PCD-786,1,,1804616958,N1802047588,1804616958,N1802047588,PLANNED,NBN,Underground,,,,,,,N,,N2P-NEW,FINANCE-N2P
4RBN-20-01-SDS-787,,,1,FIBRE,SDS,20,SDS_CORNING_1_ROC,4RBN-20-01-CAP-646,4RBN-20-01-PCD-787,1,,1804616958,N1802047588,1804616958,N1802047588,PLANNED,NBN,Underground,,,,,,,N,,N2P-NEW,FINANCE-N2P
4RBN-20-01-SDS-788,,,1,FIBRE,SDS,20,SDS_CORNING_1_ROC,4RBN-20-01-CAP-646,4RBN-20-01-PCD-788,1,,1804616958,N1802047588,1804616958,N1802047588,PLANNED,NBN,Underground,,,,,,,N,,N2P-NEW,FINANCE-N2P
4RBN-20-01-SDS-789,,,1,FIBRE,SDS,20,SDS_CORNING_1_ROC,4RBN-20-01-CAP-647,4RBN-20-01-PCD-789,1,,1804616958,N1802047588,1804616958,N1802047588,PLANNED,NBN,Underground,,,,,,,N,,N2P-NEW,FINANCE-N2P
4RBN-20-01-SDS-790,,,1,FIBRE,SDS,20,SDS_CORNING_1_ROC,4RBN-20-01-CAP-647,4RBN-20-01-PCD-790,1,,1804616958,N1802047588,1804616958,N1802047588,PLANNED,NBN,Underground,,,,,,,N,,N2P-NEW,FINANCE-N2P
4RBN-20-01-SDS-791,,,1,FIBRE,SDS,20,SDS_CORNING_1_ROC,4RBN-20-01-CAP-647,4RBN-20-01-PCD-791,1,,1804616958,N1802047588,1804616958,N1802047588,PLANNED,NBN,Underground,,,,,,,N,,N2P-NEW,FINANCE-N2P
4RBN-20-01-SDS-792,,,1,FIBRE,SDS,20,SDS_CORNING_1_ROC,4RBN-20-01-CAP-647,4RBN-20-01-PCD-792,1,,1804616958,N1802047588,1804616958,N1802047588,PLANNED,NBN,Underground,,,,,,,N,,N2P-NEW,FINANCE-N2P
4RBN-20-01-SDS-793,,,1,FIBRE,SDS,20,SDS_CORNING_1_ROC,4RBN-20-01-CAP-647,4RBN-20-01-PCD-793,1,,1804616958,N1802047588,1804616958,N1802047588,PLANNED,NBN,Underground,,,,,,,N,,N2P-NEW,FINANCE-N2P
4RBN-20-01-SDS-794,,,1,FIBRE,SDS,49,SDS_CORNING_1_ROC,4RBN-20-01-SMP-648,4RBN-20-01-PCD-794,1,,1804172204,N1802053505,1804172415,N1802046062,PLANNED,NBN,Underground,,,,,,,N,,N2P-NEW,FINANCE-N2P
4RBN-20-01-FSD-301,,,1,FIBRE,FSD,20,FSD_CORNING_1_ROC,4RBN-20-01-MPT-001,4RBN-20-01-FJL-301,1,,1804163889,N1381629524,1804163889,N1381629524,PLANNED,NBN,Underground,,,,,,,N,,N2P-NEW,FINANCE-N2P
4RBN-20-01-FSD-302,,,1,FIBRE,FSD,20,FSD_CORNING_1_ROC,4RBN-20-01-MPT-001,4RBN-20-01-FJL-301,1,,1804163889,N1381629524,1804163889,N1381629524,PLANNED,NBN,Underground,,,,,,,N,,N2P-NEW,FINANCE-N2P
4RBN-20-01-FSD-303,,,1,FIBRE,FSD,20,FSD_CORNING_1_ROC,4RBN-20-01-MPT-001,4RBN-20-01-FJL-301,1,,1804163889,N1381629524,1804163889,N1381629524,PLANNED,NBN,Underground,,,,,,,N,,N2P-NEW,FINANCE-N2P
4RBN-20-01-FSD-304,,,1,FIBRE,FSD,20,FSD_CORNING_1_ROC,4RBN-20-01-MPT-001,4RBN-20-01-FJL-301,1,,1804163889,N1381629524,1804163889,N1381629524,PLANNED,NBN,Underground,,,,,,,N,,N2P-NEW,FINANCE-N2P
4RBN-20-01-FSD-305,,,1,FIBRE,FSD,20,FSD_CORNING_12_RIBBON,4RBN-20-01-MPT-001,4RBN-20-01-FJL-301,12,,1804163889,N1381629524,1804163889,N1381629524,PLANNED,NBN,Underground,,,,,,,N,,N2P-NEW,FINANCE-N2P
4RBN-20-01-FSL-641,,,1,FIBRE,FSL,592.4,FSL_CORNING_12_LOOSE,4RBN-20-01-FJL-301,4RBN-20-01-BJL-641,12,,1804163889,N1381629524,1804172360,N1802050116,PLANNED,NBN,Underground,,,,,,,N,,N2P-NEW,FINANCE-N2P
4RBN-20-01-SDS-650,,,1,FIBRE,SDS,36.8,SDS_CORNING_1_ROC,4RBN-20-01-SMP-642,4RBN-20-01-PCD-650,1,,1805101097,N1802043752,1805101415,N1802049593,PLANNED,NBN,Underground,,,,,,,N,,N2P-NEW,FINANCE-N2P
4RBN-20-01-SSS-657,,,1,FIBRE,SSS,74.6,SSS_CORNING_1_ROC,4RBN-20-01-BJL-645,4RBN-20-01-SMP-657,1,,1804172204,N1802053505,1804164212,N1802043242,PLANNED,NBN,Underground,,,,,,,N,,N2P-NEW,FINANCE-N2P
4RBN-20-02-FSL-601,,,1,FIBRE,FSL,170.7,FSL_TYCO_12_LOOSE,4RBN-20-03-FJL-600,4RBN-20-02-BJL-601,12,,4RBN-20-02-PIT-002,N1381631868,15006505634,N1802051950,CONSTRUCTED,NBN,Underground,,,,,,,N,N2635525215,,
4RBN-52-00-DSS-601,,,1,FIBRE,DSS,170.6,DSS_CORNING_12_RIBBON,4RBN-20-00-DJL-003,4RBN-52-00-MPT-001,12,,1804609416,N296918061,15006505634,N1802051950,INSERVICE,NBN,Underground,,,,,,,N,N3185847726,,
4RBN-20-03-FSD-600,,,1,FIBRE,FSD,20,FSD_CORNING_1_ROC,4RBN-20-02-MPT-001,4RBN-20-03-FJL-600,1,,4RBN-20-02-PIT-002,N1381631868,4RBN-20-02-PIT-002,N1381631868,INSERVICE,NBN,Underground,,,,,,,N,,,
4RBN-20-02-FSD-601,,,1,FIBRE,FSD,20,FSD_CORNING_1_ROC,4RBN-20-02-MPT-001,4RBN-20-03-FJL-600,1,,4RBN-20-02-PIT-002,N1381631868,4RBN-20-02-PIT-002,N1381631868,PLANNED,NBN,Underground,,,,,,,N,,N2P-NEW,FINANCE-N2P
4RBN-20-02-FSD-602,,,1,FIBRE,FSD,20,FSD_CORNING_1_ROC,4RBN-20-02-MPT-001,4RBN-20-03-FJL-600,1,,4RBN-20-02-PIT-002,N1381631868,4RBN-20-02-PIT-002,N1381631868,PLANNED,NBN,Underground,,,,,,,N,,N2P-NEW,FINANCE-N2P
4RBN-20-02-FSD-603,,,1,FIBRE,FSD,20,FSD_CORNING_1_ROC,4RBN-20-02-MPT-001,4RBN-20-03-FJL-600,1,,4RBN-20-02-PIT-002,N1381631868,4RBN-20-02-PIT-002,N1381631868,PLANNED,NBN,Underground,,,,,,,N,,N2P-NEW,FINANCE-N2P
4RBN-20-02-SSS-641,,,1,FIBRE,SSS,107.6,SSS_CORNING_1_ROC,4RBN-20-03-FJL-600,4RBN-20-02-SMP-641,1,,4RBN-20-02-PIT-002,N1381631868,15012871690,N1802046530,PLANNED,NBN,Underground,,,,,,,N,,N2P-NEW,FINANCE-N2P
4RBN-20-02-SDS-641,,,1,FIBRE,SDS,122.6,SDS_CORNING_1_ROC,4RBN-20-02-SMP-641,4RBN-20-02-PCD-641,1,,15012871690,N1802046530,15012871675,N1802046761,PLANNED,NBN,Underground,,,,,,,N,,N2P-NEW,FINANCE-N2P
4RBN-20-02-SDS-642,,,1,FIBRE,SDS,122.6,SDS_CORNING_1_ROC,4RBN-20-02-SMP-641,4RBN-20-02-PCD-642,1,,15012871690,N1802046530,15012871675,N1802046761,PLANNED,NBN,Underground,,,,,,,N,,N2P-NEW,FINANCE-N2P
4RBN-20-02-SSS-642,,,1,FIBRE,SSS,186.7,SSS_CORNING_1_ROC,4RBN-20-02-BJL-641,4RBN-20-02-CAP-641,1,,1804596011,N296878118,1804872573,N1802052680,PLANNED,NBN,Underground,,,,,,,N,,N2P-NEW,FINANCE-N2P
4RBN-20-02-SDS-643,,,1,FIBRE,SDS,20,SDS_CORNING_1_ROC,4RBN-20-02-CAP-641,4RBN-20-02-PCD-643,1,,1804872573,N1802052680,1804872573,N1802052680,PLANNED,NBN,Underground,,,,,,,N,,N2P-NEW,FINANCE-N2P
4RBN-20-02-SDS-644,,,1,FIBRE,SDS,20,SDS_CORNING_1_ROC,4RBN-20-02-CAP-641,4RBN-20-02-PCD-644,1,,1804872573,N1802052680,1804872573,N1802052680,PLANNED,NBN,Underground,,,,,,,N,,N2P-NEW,FINANCE-N2P
4RBN-20-02-SDS-645,,,1,FIBRE,SDS,20,SDS_CORNING_1_ROC,4RBN-20-02-CAP-641,4RBN-20-02-PCD-645,1,,1804872573,N1802052680,1804872573,N1802052680,PLANNED,NBN,Underground,,,,,,,N,,N2P-NEW,FINANCE-N2P
4RBN-20-02-SDS-646,,,1,FIBRE,SDS,20,SDS_CORNING_1_ROC,4RBN-20-02-CAP-641,4RBN-20-02-PCD-646,1,,1804872573,N1802052680,1804872573,N1802052680,PLANNED,NBN,Underground,,,,,,,N,,N2P-NEW,FINANCE-N2P
4RBN-20-02-SDS-647,,,1,FIBRE,SDS,20,SDS_CORNING_1_ROC,4RBN-20-02-CAP-641,4RBN-20-02-PCD-647,1,,1804872573,N1802052680,1804872573,N1802052680,PLANNED,NBN,Underground,,,,,,,N,,N2P-NEW,FINANCE-N2P
4RBN-20-02-SDS-648,,,1,FIBRE,SDS,20,SDS_CORNING_1_ROC,4RBN-20-02-CAP-641,4RBN-20-02-PCD-648,1,,1804872573,N1802052680,1804872573,N1802052680,PLANNED,NBN,Underground,,,,,,,N,,N2P-NEW,FINANCE-N2P
4RBN-20-02-SDS-649,,,1,FIBRE,SDS,20,SDS_CORNING_1_ROC,4RBN-20-02-CAP-641,4RBN-20-02-PCD-649,1,,1804872573,N1802052680,1804872573,N1802052680,PLANNED,NBN,Underground,,,,,,,N,,N2P-NEW,FINANCE-N2P
4RBN-20-02-SDS-650,,,1,FIBRE,SDS,20,SDS_CORNING_1_ROC,4RBN-20-02-CAP-641,4RBN-20-02-PCD-650,1,,1804872573,N1802052680,1804872573,N1802052680,PLANNED,NBN,Underground,,,,,,,N,,N2P-NEW,FINANCE-N2P
4RBN-20-02-SDS-651,,,1,FIBRE,SDS,20,SDS_CORNING_1_ROC,4RBN-20-02-CAP-641,4RBN-20-02-PCD-651,1,,1804872573,N1802052680,1804872573,N1802052680,PLANNED,NBN,Underground,,,,,,,N,,N2P-NEW,FINANCE-N2P
4RBN-20-02-SDS-652,,,1,FIBRE,SDS,20,SDS_CORNING_1_ROC,4RBN-20-02-CAP-641,4RBN-20-02-PCD-652,1,,1804872573,N1802052680,1804872573,N1802052680,PLANNED,NBN,Underground,,,,,,,N,,N2P-NEW,FINANCE-N2P
4RBN-20-02-SDS-653,,,1,FIBRE,SDS,20,SDS_CORNING_1_ROC,4RBN-20-02-CAP-641,4RBN-20-02-PCD-653,1,,1804872573,N1802052680,1804872573,N1802052680,PLANNED,NBN,Underground,,,,,,,N,,N2P-NEW,FINANCE-N2P
4RBN-20-02-SDS-654,,,1,FIBRE,SDS,20,SDS_CORNING_1_ROC,4RBN-20-02-CAP-641,4RBN-20-02-PCD-654,1,,1804872573,N1802052680,1804872573,N1802052680,PLANNED,NBN,Underground,,,,,,,N,,N2P-NEW,FINANCE-N2P
4RBN-20-02-SDS-655,,,1,FIBRE,SDS,20,SDS_CORNING_1_ROC,4RBN-20-02-CAP-641,4RBN-20-02-PCD-655,1,,1804872573,N1802052680,1804872573,N1802052680,PLANNED,NBN,Underground,,,,,,,N,,N2P-NEW,FINANCE-N2P
4RBN-20-02-SDS-656,,,1,FIBRE,SDS,20,SDS_CORNING_1_ROC,4RBN-20-02-CAP-641,4RBN-20-02-PCD-656,1,,1804872573,N1802052680,1804872573,N1802052680,PLANNED,NBN,Underground,,,,,,,N,,N2P-NEW,FINANCE-N2P
4RBN-20-02-SDS-657,,,1,FIBRE,SDS,20,SDS_CORNING_1_ROC,4RBN-20-02-CAP-641,4RBN-20-02-PCD-657,1,,1804872573,N1802052680,1804872573,N1802052680,PLANNED,NBN,Underground,,,,,,,N,,N2P-NEW,FINANCE-N2P
4RBN-20-02-SDS-658,,,1,FIBRE,SDS,20,SDS_CORNING_1_ROC,4RBN-20-02-CAP-641,4RBN-20-02-PCD-658,1,,1804872573,N1802052680,1804872573,N1802052680,PLANNED,NBN,Underground,,,,,,,N,,N2P-NEW,FINANCE-N2P
4RBN-20-02-SDS-659,,,1,FIBRE,SDS,20,SDS_CORNING_1_ROC,4RBN-20-02-CAP-641,4RBN-20-02-PCD-659,1,,1804872573,N1802052680,1804872573,N1802052680,PLANNED,NBN,Underground,,,,,,,N,,N2P-NEW,FINANCE-N2P
4RBN-20-02-SDS-660,,,1,FIBRE,SDS,20,SDS_CORNING_1_ROC,4RBN-20-02-CAP-641,4RBN-20-02-PCD-660,1,,1804872573,N1802052680,1804872573,N1802052680,PLANNED,NBN,Underground,,,,,,,N,,N2P-NEW,FINANCE-N2P
4RBN-20-02-SDS-661,,,1,FIBRE,SDS,20,SDS_CORNING_1_ROC,4RBN-20-02-CAP-641,4RBN-20-02-PCD-661,1,,1804872573,N1802052680,1804872573,N1802052680,PLANNED,NBN,Underground,,,,,,,N,,N2P-NEW,FINANCE-N2P
